Date,Open,High,Low,Close,Adj Close,Volume,Repaired?,MACD,MACD_HISTOGRAM,MACD_SIGNAL,RSI,SMA_50,SMA_200
2022-09-26,3.5299999713897705,3.7799999713897705,3.509999990463257,3.5299999713897705,3.5299999713897705,8773300,False,-0.1253120716493772,-0.06844116512846671,-0.05687090652091047,37.74312816709097,4.0426000165939335,4.64455001115799
2022-09-27,3.619999885559082,3.7100000381469727,3.440000057220459,3.5,3.5,9578800,False,-0.14697093507121917,-0.07208002284024695,-0.07489091223097222,37.18149268803445,4.0426000165939335,4.62700001001358
2022-09-28,3.470000028610229,3.5799999237060547,3.390000104904175,3.559999942779541,3.559999942779541,9763300,False,-0.15747892738715885,-0.0660704121249493,-0.09140851526220956,39.13231670759,4.0436000156402585,4.610150010585785
2022-09-29,3.5,3.549999952316284,3.299999952316284,3.390000104904175,3.390000104904175,9562000,False,-0.17747829387674496,-0.06885582289162832,-0.10862247098511664,35.74519710533731,4.039400019645691,4.592650011777878
2022-09-30,3.390000104904175,3.569999933242798,3.3499999046325684,3.4100000858306885,3.4100000858306885,9339000,False,-0.18952932847271953,-0.06472548599008231,-0.12480384248263722,36.44219206969966,4.036800022125244,4.578050012588501
2022-10-03,3.4600000381469727,3.549999952316284,3.4200000762939453,3.5,3.5,8298500,False,-0.18963166352474614,-0.051862256833687115,-0.13776940669105903,39.61643382462103,4.040200023651123,4.562900011539459
2022-10-04,3.640000104904175,3.7699999809265137,3.630000114440918,3.75,3.75,10729300,False,-0.16760777601821664,-0.02387069546172607,-0.14373708055649057,47.4651902336172,4.048400025367737,4.5503000116348264
2022-10-05,3.680000066757202,3.7200000286102295,3.380000114440918,3.4600000381469727,3.4600000381469727,11587200,False,-0.17157643346413298,-0.022271482326113923,-0.14930495113801906,40.83458917692936,4.052800025939941,4.536050012111664
2022-10-06,3.430000066757202,3.559999942779541,3.220000028610229,3.2699999809265137,3.2699999809265137,15630100,False,-0.18788719319616476,-0.030865793646516537,-0.15702139954964822,37.17088001825297,4.050400023460388,4.522150011062622
2022-10-07,3.200000047683716,3.200000047683716,3.069999933242798,3.109999895095825,3.109999895095825,10557600,False,-0.21128865347190118,-0.043413803137802354,-0.16787485033409882,34.37399879001141,4.041200022697449,4.50565001130104
2022-10-10,3.119999885559082,3.150000095367432,3.0,3.109999895095825,3.109999895095825,9065500,False,-0.22721528299309757,-0.04747234612719897,-0.1797429368658986,34.373998790011406,4.031600022315979,4.489200010299682
2022-10-11,3.0999999046325684,3.200000047683716,3.009999990463257,3.140000104904175,3.140000104904175,8374400,False,-0.23471088445099708,-0.043974358068078784,-0.1907365263829183,35.43050490372611,4.025800023078919,4.472600010633468
2022-10-12,3.140000104904175,3.150000095367432,2.890000104904175,2.940000057220459,2.940000057220459,13261900,False,-0.253863158520121,-0.050501305709762134,-0.20336185281035885,31.759687489488794,4.010600023269653,4.4558000099658965
2022-10-13,2.799999952316284,3.039999961853028,2.7699999809265137,3.0199999809265137,3.0199999809265137,17786400,False,-0.2595937137086084,-0.04498548871859964,-0.21460822499000876,34.67515359158617,3.9958000230789184,4.441550010442734
2022-10-14,3.0199999809265137,3.150000095367432,2.900000095367432,2.900000095367432,2.900000095367432,9101700,False,-0.27069777244836235,-0.044871637966682865,-0.22582613448167949,32.43654811348661,3.975200023651123,4.430500010251999
2022-10-17,2.990000009536743,3.130000114440918,2.950000047683716,3.0899999141693115,3.0899999141693115,10769100,False,-0.26115597796741197,-0.028263874788585996,-0.23289210317882597,39.13652009875259,3.9540000200271606,4.419300010204315
2022-10-18,3.180000066757202,3.259999990463257,3.0199999809265137,3.0999999046325684,3.0999999046325684,12841800,False,-0.249906356522676,-0.013611402675080014,-0.236294953847596,39.47670482004622,3.926600022315979,4.408800010681152
2022-10-19,3.049999952316284,3.059999942779541,2.900000095367432,2.930000066757202,2.930000066757202,8519700,False,-0.25180585548882206,-0.012408721312980847,-0.23939713417584121,35.812143866939515,3.9000000190734863,4.394550009965896
2022-10-20,2.930000066757202,3.0199999809265137,2.859999895095825,2.900000095367432,2.900000095367432,13177600,False,-0.25281764464166656,-0.010736408372660267,-0.2420812362690063,35.191312660580266,3.860200023651123,4.379650009870529
2022-10-21,2.880000114440918,3.059999942779541,2.8499999046325684,3.039999961853028,3.039999961853028,13423900,False,-0.23956116366408509,0.0020160580839369835,-0.24157722174802207,40.38515873359106,3.8254000186920165,4.368250008821487
2022-10-24,3.0799999237060547,3.0799999237060547,2.869999885559082,2.950000047683716,2.950000047683716,9426900,False,-0.2336244704254793,0.006362201058034228,-0.23998667148351352,38.26227691749654,3.782200016975403,4.357300009727478
2022-10-25,2.950000047683716,3.1700000762939453,2.950000047683716,3.119999885559082,3.119999885559082,11365000,False,-0.21274958728351745,0.021789667359996878,-0.23453925464351433,44.22611712273822,3.7412000131607055,4.347400009632111
2022-10-26,3.130000114440918,3.390000104904175,3.109999895095825,3.2100000381469727,3.2100000381469727,11143200,False,-0.18679062578598282,0.03819890308602519,-0.22498952887200802,47.13752024731385,3.707000012397766,4.338600010871887
2022-10-27,3.2799999713897705,3.299999952316284,3.130000114440918,3.140000104904175,3.140000104904175,8037700,False,-0.16990778024704456,0.04406539889997077,-0.21397317914701533,45.162861829688566,3.676800012588501,4.328400012254715
2022-10-28,3.150000095367432,3.1600000858306885,2.990000009536743,3.059999942779541,3.059999942779541,7787400,False,-0.16112598792594346,0.04227775297685751,-0.20340374090280097,42.948487454312364,3.64520001411438,4.318350011110306
2022-10-31,3.0299999713897705,3.1600000858306885,3.0,3.119999885559082,3.119999885559082,7292400,False,-0.14762315249051916,0.04462447072982545,-0.1922476232203446,45.12176109058736,3.6224000072479248,4.309600011110306
2022-11-01,3.200000047683716,3.299999952316284,3.0899999141693115,3.0999999046325684,3.0999999046325684,6794700,False,-0.13695713286441835,0.04423239228474102,-0.18118952514915937,44.51306822971756,3.6042000007629396,4.300950011014939
2022-11-02,3.0999999046325684,3.1700000762939453,2.950000047683716,2.9600000381469727,2.9600000381469727,9674200,False,-0.13820788025177277,0.034385315917909276,-0.17259319616968205,40.404206971529604,3.583800001144409,4.292850011587143
2022-11-03,2.950000047683716,3.150000095367432,2.9200000762939453,3.039999961853028,3.039999961853028,10723700,False,-0.1312310316670029,0.03308973160214332,-0.16432076326914621,43.60753671586705,3.556199998855591,4.286550010442734
2022-11-04,3.130000114440918,3.190000057220459,3.0,3.109999895095825,3.109999895095825,7846200,False,-0.11868528916478693,0.036508379283487435,-0.15519366844827437,46.32611480597574,3.52739999294281,4.281450009346008
2022-11-07,3.140000104904175,3.150000095367432,3.0299999713897705,3.140000104904175,3.140000104904175,6071300,False,-0.10511028569070602,0.04006670620605468,-0.1451769918967607,47.49437065731635,3.5061999988555907,4.277650009393692
2022-11-08,3.150000095367432,3.240000009536743,3.0999999046325684,3.1700000762939453,3.1700000762939453,7407400,False,-0.09088360108372928,0.043434712650425145,-0.13431831373415443,48.69691106517418,3.4842000007629395,4.273900009393692
2022-11-09,3.109999895095825,3.25,2.930000066757202,2.950000047683716,2.950000047683716,11788000,False,-0.09625148749350965,0.030453460992515835,-0.12670494848602548,41.23796283150118,3.4594000005722045,4.269300010204315
2022-11-10,3.109999895095825,3.539999961853028,3.0999999046325684,3.509999990463257,3.509999990463257,20791900,False,-0.05468785334789272,0.05761367611050622,-0.11230152945839894,58.614812246774136,3.4457999992370607,4.267550010681152
2022-11-11,3.4600000381469727,3.700000047683716,3.369999885559082,3.640000104904175,3.640000104904175,11643300,False,-0.01113014962201797,0.08093710386910478,-0.09206725349112276,61.46375684009944,3.4392000007629395,4.267950011491775
2022-11-14,3.609999895095825,3.660000085830689,3.369999885559082,3.5999999046325684,3.5999999046325684,9511800,False,0.01993219657598333,0.08959956005368487,-0.06966736347770154,60.09298255917799,3.4323999977111814,4.267550010681152
2022-11-15,3.7200000286102295,3.950000047683716,3.7100000381469727,3.869999885559082,3.869999885559082,13759700,False,0.06558010507766054,0.10819797484428967,-0.042617869766629124,65.66011918826725,3.432799997329712,4.265700011253357
2022-11-16,3.809999942779541,3.809999942779541,3.5899999141693115,3.630000114440918,3.630000114440918,7513800,False,0.08145150344330743,0.09925549856794924,-0.017803995124641817,57.9247891508122,3.4255999994277953,4.261550011634827
2022-11-17,3.5,3.609999895095825,3.380000114440918,3.569999933242798,3.569999933242798,7522000,False,0.08817179821035159,0.08478063466799472,0.003391163542356865,56.14402206183684,3.4207999992370604,4.258450011014938
2022-11-18,3.670000076293945,3.680000066757202,3.450000047683716,3.569999933242798,3.569999933242798,10122500,False,0.09243217960093819,0.07123281284686506,0.021199366754073135,56.14402206183684,3.4074000024795534,4.255950009822845
2022-11-21,3.509999990463257,3.509999990463257,3.359999895095825,3.4600000381469727,3.4600000381469727,5870000,False,0.08594180667023821,0.051793951932932056,0.03414785473730615,52.69928216944494,3.3894000005722047,4.251850008964539
2022-11-22,3.450000047683716,3.509999990463257,3.380000114440918,3.440000057220459,3.440000057220459,4568300,False,0.07828192277119017,0.03530725442710721,0.042974668344082964,52.07368721558266,3.3758000040054323,4.247200009822845
2022-11-23,3.430000066757202,3.5,3.380000114440918,3.5,3.5,4801100,False,0.07617480776977725,0.02656011154055543,0.04961469622922182,53.84389257366574,3.358800005912781,4.242100009918213
2022-11-25,3.4600000381469727,3.5,3.4100000858306885,3.4800000190734863,3.4800000190734863,2619800,False,0.07206040514182854,0.01795656713008538,0.05410383801174316,53.13931468316805,3.3434000062942504,4.235450010299683
2022-11-28,3.440000057220459,3.490000009536743,3.25,3.259999990463257,3.259999990463257,5279400,False,0.05046580928900912,-0.0029104229781872354,0.05337623226719636,46.00751441452015,3.3282000064849853,4.227650009393692
2022-11-29,3.289999961853028,3.3299999237060547,3.200000047683716,3.200000047683716,3.200000047683716,6335700,False,0.028185537224882484,-0.020152556033851098,0.04833809325873358,44.26275926557062,3.311600003242493,4.2204500102996825
2022-11-30,3.220000028610229,3.470000028610229,3.1600000858306885,3.4600000381469727,3.4600000381469727,9005300,False,0.03114902088994409,-0.013751257895031593,0.044900278784975683,52.643665413418276,3.3028000020980834,4.214650011062622
2022-12-01,3.4600000381469727,3.5899999141693115,3.400000095367432,3.5299999713897705,3.5299999713897705,10288500,False,0.038699904237894156,-0.0049602996376652275,0.043660203875559384,54.62200042059159,3.294800000190735,4.2048500120639805
2022-12-02,3.430000066757202,3.7200000286102295,3.4200000762939453,3.660000085830689,3.660000085830689,9356300,False,0.054545193434704764,0.008707991647316303,0.04583720178738846,58.12103688391691,3.293600001335144,4.195650012493133
2022-12-05,3.630000114440918,3.740000009536743,3.440000057220459,3.450000047683716,3.450000047683716,7298800,False,0.049585856361396896,0.0029989236592067453,0.04658693270219015,51.24672041813104,3.2910000038146974,4.186600011587143
2022-12-06,3.470000028610229,3.470000028610229,3.109999895095825,3.130000114440918,3.130000114440918,12199100,False,0.019608194676486335,-0.021582990420563053,0.04119118509704939,42.91683460995874,3.2830000066757203,4.177200011014938
2022-12-07,3.119999885559082,3.220000028610229,3.069999933242798,3.130000114440918,3.130000114440918,7502900,False,-0.00410203250885921,-0.03623457408472688,0.03213254157586767,42.91683460995874,3.2756000089645387,4.169150012731552
2022-12-08,3.2100000381469727,3.3399999141693115,3.119999885559082,3.240000009536743,3.240000009536743,7892300,False,-0.01385675411356413,-0.03679143655154544,0.02293468243798131,46.3907891769636,3.2692000102996825,4.161950013637543
2022-12-09,3.2100000381469727,3.3399999141693115,3.1700000762939453,3.2300000190734863,3.2300000190734863,6204200,False,-0.022139150574563615,-0.036059066410035936,0.013919915835472325,46.1160251000521,3.266000008583069,4.151800012588501
2022-12-12,3.2300000190734863,3.490000009536743,3.2300000190734863,3.470000028610229,3.470000028610229,9592800,False,-0.009230609712592042,-0.018520420438451493,0.009289810725859453,53.269613106099975,3.26720000743866,4.1427500116825104
2022-12-13,3.609999895095825,3.7699999809265137,3.5299999713897705,3.650000095367432,3.650000095367432,13403400,False,0.015347091270582425,0.004845824435778377,0.010501266834804047,57.795174856095564,3.2702000093460084,4.1310000121593475
2022-12-14,3.640000104904175,3.809999942779541,3.630000114440918,3.7200000286102295,3.7200000286102295,14054700,False,0.040012269436078274,0.02360880208101938,0.016403467355058893,59.440221935200334,3.269600009918213,4.119100012779236
2022-12-15,3.650000095367432,3.829999923706055,3.5899999141693115,3.7100000381469727,3.7100000381469727,10722100,False,0.05808313890843131,0.03334373724269793,0.02473940166573338,59.08590917602808,3.274600009918213,4.107300012111664
2022-12-16,3.619999885559082,3.680000066757202,3.400000095367432,3.509999990463257,3.509999990463257,17688000,False,0.05562489165521001,0.0247083919915813,0.030916499663628708,52.36315306271966,3.2794000101089478,4.096400011777877
2022-12-19,3.549999952316284,3.549999952316284,3.2100000381469727,3.259999990463257,3.259999990463257,16290300,False,0.033121992620290364,0.0017643943653293248,0.03135759825496104,45.40822624961225,3.2824000120162964,4.085500011444092
2022-12-20,3.0999999046325684,3.1600000858306885,2.630000114440918,2.650000095367432,2.650000095367432,28985000,False,-0.03354690272947414,-0.05192360078754814,0.018376698058074004,33.660340498983636,3.2732000160217285,4.06915001153946
2022-12-21,2.7300000190734863,2.9200000762939453,2.619999885559082,2.700000047683716,2.700000047683716,22373900,False,-0.08140946667651505,-0.07982893178767125,-0.0015805348888438056,35.141549220850614,3.264400014877319,4.05110001206398
2022-12-22,2.650000095367432,2.680000066757202,2.470000028610229,2.5999999046325684,2.5999999046325684,16214900,False,-0.12595810264278962,-0.09950205420315665,-0.02645604843963297,33.52911917731852,3.2576000118255615,4.032500010728836
2022-12-23,2.619999885559082,2.680000066757202,2.5299999713897705,2.6700000762939453,2.6700000762939453,12114200,False,-0.1538414008582758,-0.10190828193491426,-0.05193311892336154,35.75143895098929,3.2506000137329103,4.0111500108242035
2022-12-27,2.6600000858306885,2.700000047683716,2.559999942779541,2.569999933242798,2.569999933242798,11039100,False,-0.18191133080487898,-0.10398256950521395,-0.07792876129966503,34.00250951568222,3.2440000104904176,3.9904500102996825
2022-12-28,2.559999942779541,2.609999895095825,2.490000009536743,2.549999952316284,2.549999952316284,9735600,False,-0.20342581763689838,-0.10039764506978667,-0.1030281725671117,33.64798080434481,3.233200011253357,3.974100009202957
2022-12-29,2.5799999237060547,2.7699999809265137,2.569999933242798,2.759999990463257,2.759999990463257,12413800,False,-0.20121151433246087,-0.07854667341227932,-0.12266484092018155,40.64585268515933,3.226400012969971,3.958550009727478
2022-12-30,2.6700000762939453,2.799999952316284,2.6600000858306885,2.7799999713897705,2.7799999713897705,10496400,False,-0.1955882125319124,-0.05833869728938465,-0.13724951524252774,41.281015798169285,3.223400011062622,3.941450010538101
2023-01-03,2.8499999046325684,2.9600000381469727,2.630000114440918,2.6600000858306885,2.6600000858306885,11521800,False,-0.1985262066925273,-0.04902135315999964,-0.14950485353252765,38.61118773678114,3.2186000108718873,3.9227500104904176
2023-01-04,2.720000028610229,2.799999952316284,2.640000104904175,2.720000028610229,2.720000028610229,11018700,False,-0.19377932683375754,-0.035419578640983884,-0.15835974819277365,40.67709129120085,3.212200012207031,3.902800010442734
2023-01-05,2.680000066757202,2.700000047683716,2.5999999046325684,2.630000114440918,2.630000114440918,9734800,False,-0.1950314303330285,-0.029337345712203866,-0.16569408462082463,38.57980928463983,3.2058000135421754,3.883250011205673
2023-01-06,2.6600000858306885,2.859999895095825,2.5999999046325684,2.8299999237060547,2.8299999237060547,10855200,False,-0.17783544196135725,-0.009713085872426086,-0.16812235608893117,45.326018587010665,3.2000000143051146,3.8631500113010406
2023-01-09,2.9200000762939453,3.039999961853028,2.8499999046325684,2.950000047683716,2.950000047683716,14845700,False,-0.15276352731341003,0.012287063020416933,-0.16505059033382696,48.94918379357946,3.1948000144958497,3.8450500106811525
2023-01-10,2.940000057220459,3.0299999713897705,2.8299999237060547,3.0299999713897705,3.0299999713897705,10030400,False,-0.12499763414757314,0.03204236494900309,-0.15703999909657623,51.2677345057946,3.1926000118255615,3.8271000111103057
2023-01-11,3.069999933242798,3.200000047683716,3.0199999809265137,3.109999895095825,3.109999895095825,9004100,False,-0.09543749448670491,0.049282003687897064,-0.14471949817460197,53.54009340301087,3.1936000108718874,3.811550011634827
2023-01-12,3.140000104904175,3.190000057220459,3.009999990463257,3.1700000762939453,3.1700000762939453,10479700,False,-0.06640389489059917,0.06265248262720224,-0.1290563775178014,55.226375572860775,3.1946000146865843,3.7968500113487242
2023-01-13,3.0999999046325684,3.2699999809265137,3.069999933242798,3.240000009536743,3.240000009536743,6548900,False,-0.03731599289832044,0.07339230769558479,-0.11070830059390523,57.179084927084574,3.197400016784668,3.781850012540817
2023-01-17,3.259999990463257,3.5199999809265137,3.25,3.490000009536743,3.490000009536743,10519000,False,0.005841947328089514,0.09324019833759581,-0.0873982510095063,63.33016495359738,3.2080000162124636,3.7699500131607055
2023-01-18,3.539999961853028,3.690000057220459,3.3499999046325684,3.3499999046325684,3.3499999046325684,12960400,False,0.028420473925335532,0.09265497994787346,-0.06423450602253793,58.28125779070841,3.2142000150680543,3.7579000115394594
2023-01-19,3.25,3.359999895095825,3.059999942779541,3.130000114440918,3.130000114440918,11617600,False,0.028236481883099795,0.07397679032451018,-0.04574030844141038,51.35289969437956,3.214600019454956,3.744850013256073
2023-01-20,3.200000047683716,3.369999885559082,3.109999895095825,3.369999885559082,3.369999885559082,11873200,False,0.04691582619125123,0.07412490770612928,-0.02720908151487806,57.31440571573985,3.219200015068054,3.730400011539459
2023-01-23,3.380000114440918,3.7200000286102295,3.359999895095825,3.700000047683716,3.700000047683716,14714800,False,0.0873407860757709,0.09163989407251916,-0.004299107996748267,63.87054853214506,3.2298000144958494,3.7190000116825104
2023-01-24,3.640000104904175,3.7300000190734863,3.5199999809265137,3.619999885559082,3.619999885559082,11033000,False,0.11163564728503061,0.0927478042254231,0.01888784305960751,61.40817103735055,3.2432000112533568,3.708800011873245
2023-01-25,3.539999961853028,3.700000047683716,3.4100000858306885,3.680000066757202,3.680000066757202,8600700,False,0.13418422083760584,0.09223710222239866,0.04194711861520718,62.57358077719675,3.246600012779236,3.699300012588501
2023-01-26,3.7799999713897705,3.839999914169312,3.400000095367432,3.430000066757202,3.430000066757202,12829300,False,0.1303782973151204,0.07074494295993057,0.059633354355189835,55.10638808523202,3.2424000120162964,3.689500013589859
2023-01-27,3.400000095367432,3.640000104904175,3.369999885559082,3.5999999046325684,3.5999999046325684,10198100,False,0.13947189646773106,0.06387083369003298,0.07560106277769808,58.71432489633085,3.2424000120162964,3.680050014257431
2023-01-30,3.4800000190734863,3.670000076293945,3.440000057220459,3.4800000190734863,3.4800000190734863,10223300,False,0.1354344474234077,0.0478667077165677,0.08756773970684001,55.33381657759456,3.2346000146865843,3.670400015115738
2023-01-31,3.5,3.680000066757202,3.470000028610229,3.660000085830689,3.660000085830689,11747500,False,0.14508677104824885,0.04601522507312708,0.09907154597512177,59.13457666819161,3.2352000141143797,3.6611500144004823
2023-02-01,3.630000114440918,3.900000095367432,3.5799999237060547,3.859999895095825,3.859999895095825,10819200,False,0.16695012310540625,0.05430286170422757,0.11264726140117867,62.91098155365626,3.2410000133514405,3.6541500127315523
2023-02-02,3.940000057220459,4.340000152587891,3.940000057220459,4.25,4.25,20192800,False,0.21328808396185472,0.08051265804854082,0.1327754259133139,68.93880512747407,3.2546000146865843,3.649950011968613
2023-02-03,4.099999904632568,4.360000133514404,4.03000020980835,4.090000152587891,4.090000152587891,14155900,False,0.2343986001217888,0.08129853936677994,0.15310006075500887,64.32028658621583,3.2672000169754027,3.64400001168251
2023-02-06,4.0,4.130000114440918,3.890000104904175,3.930000066757202,3.930000066757202,11769800,False,0.2355034295811489,0.065922695060912,0.1695807345202369,59.99198510791639,3.2770000171661375,3.639100012779236
2023-02-07,3.9800000190734863,3.9800000190734863,3.690000057220459,3.849999904632568,3.849999904632568,11042300,False,0.22730345762533632,0.04617817848407954,0.18112527914125678,57.89420500597179,3.284000015258789,3.6356500124931337
2023-02-08,3.809999942779541,3.9600000381469727,3.7100000381469727,3.7100000381469727,3.7100000381469727,7354200,False,0.20712054486195575,0.02079621257655917,0.18632433228539658,54.31483471625058,3.2886000156402586,3.632150013446808
2023-02-09,3.809999942779541,3.869999885559082,3.470000028610229,3.5,3.5,9333300,False,0.1721952335870478,-0.011303278958679053,0.18349851254572686,49.38282523846373,3.2934000158309935,3.6270500135421755
2023-02-10,3.470000028610229,3.509999990463257,3.3499999046325684,3.430000066757202,3.430000066757202,8259400,False,0.13728571886982222,-0.03697023494072371,0.17425595381054593,47.82394144599911,3.2980000162124634,3.622500013113022
2023-02-13,3.450000047683716,3.5899999141693115,3.3399999141693115,3.4600000381469727,3.4600000381469727,9332400,False,0.11076360997009926,-0.05079387507235733,0.1615574850424566,48.573205949536,3.2980000162124634,3.6187500131130217
2023-02-14,3.440000057220459,3.509999990463257,3.299999952316284,3.490000009536743,3.490000009536743,9034300,False,0.09111507666984098,-0.0563539266980925,0.14746900336793348,49.356406682973876,3.297200016975403,3.615100014209747
2023-02-15,3.430000066757202,3.849999904632568,3.4200000762939453,3.839999914169312,3.839999914169312,7853000,False,0.10260279850876275,-0.03589296388733659,0.13849576239609934,57.49037815248301,3.300800013542175,3.6139000141620636
2023-02-16,3.700000047683716,3.869999885559082,3.630000114440918,3.650000095367432,3.650000095367432,9248800,False,0.09527720701365139,-0.03457484430595836,0.12985205131960975,52.555605801354154,3.3048000144958496,3.610750013589859
2023-02-17,3.609999895095825,3.640000104904175,3.470000028610229,3.569999933242798,3.569999933242798,6526000,False,0.08207022402590214,-0.0382254618349661,0.12029568586086824,50.586674987400166,3.313600010871887,3.60685001373291
2023-02-21,3.5199999809265137,3.569999933242798,3.319999933242798,3.3399999141693115,3.3399999141693115,8518600,False,0.05244001960484157,-0.054284533004821334,0.1067245526096629,45.32883185503719,3.317800006866455,3.599700013399124
2023-02-22,3.3299999237060547,3.4200000762939453,3.25,3.369999885559082,3.369999885559082,6495900,False,0.031021025031344518,-0.06056282206265472,0.09158384709399923,46.11553826906572,3.3204000043869017,3.5949500119686126
2023-02-23,3.430000066757202,3.4800000190734863,3.309999942779541,3.390000104904175,3.390000104904175,5828500,False,0.015481704614892067,-0.06088171398328575,0.07636341859817782,46.6665396675385,3.323600006103516,3.592300012111664
2023-02-24,3.309999942779541,3.3499999046325684,3.1700000762939453,3.2100000381469727,3.2100000381469727,8388500,False,-0.011228385989624723,-0.07007344367024204,0.05884505768061731,42.45853028092457,3.3184000062942505,3.5908500123023988
2023-02-27,3.240000009536743,3.3399999141693115,3.220000028610229,3.289999961853028,3.289999961853028,6205200,False,-0.025645376042370938,-0.0675923469783906,0.041946970936019665,44.83922154009171,3.3112000036239624,3.590600012540817
2023-02-28,3.2699999809265137,3.390000104904175,3.240000009536743,3.3399999141693115,3.3399999141693115,4795700,False,-0.03265988343690074,-0.05968548349833632,0.027025600061435583,46.333696055848975,3.303600001335144,3.5921500122547148
2023-03-01,3.369999885559082,3.440000057220459,3.259999990463257,3.2799999713897705,3.2799999713897705,6209700,False,-0.0425697079314169,-0.05567624639428199,0.013106538462865087,44.76631217721412,3.295,3.59275001168251
2023-03-02,3.25,3.289999961853028,3.0899999141693115,3.2799999713897705,3.2799999713897705,7514500,False,-0.04984869056465424,-0.05036418322201546,0.0005154926573612221,44.766312177214104,3.2903999996185305,3.5915500116348267
2023-03-03,3.299999952316284,3.5199999809265137,3.259999990463257,3.4800000190734863,3.4800000190734863,8212400,False,-0.0390291011821402,-0.03163567507160114,-0.007393426110539063,51.154161053089226,3.294800000190735,3.5920000112056734
2023-03-06,3.539999961853028,3.5999999046325684,3.369999885559082,3.4100000858306885,3.4100000858306885,6475100,False,-0.035691479090625755,-0.022638442384069354,-0.0130530367065564,49.01741360447172,3.31,3.5904000115394594
2023-03-07,3.400000095367432,3.440000057220459,3.25,3.3299999237060547,3.3299999237060547,8695300,False,-0.039051571819858744,-0.020798828090641874,-0.01825274372921687,46.62063280793499,3.322599997520447,3.5894000113010405
2023-03-08,3.3299999237060547,3.3399999141693115,3.180000066757202,3.299999952316284,3.299999952316284,9542200,False,-0.04363225105681945,-0.02030360586208206,-0.023328645194737388,45.71785998954735,3.3365999984741213,3.587300010919571
2023-03-09,3.5799999237060547,4.019999980926514,3.3299999237060547,3.359999895095825,3.359999895095825,32270600,False,-0.041937548458841345,-0.014887122611283166,-0.02705042584755818,47.89119224666332,3.3503999948501586,3.5856000101566314
2023-03-10,3.369999885559082,3.390000104904175,3.0199999809265137,3.0999999046325684,3.0999999046325684,20404300,False,-0.060872609212949236,-0.027057746692312847,-0.03381486252063639,40.35175731792982,3.3609999942779543,3.5824500095844267
2023-03-13,3.039999961853028,3.2699999809265137,2.950000047683716,3.180000066757202,3.180000066757202,12665800,False,-0.06863228650935405,-0.02785393919097412,-0.040778347318379926,43.30908101926877,3.3735999965667727,3.5813000094890595
2023-03-14,3.289999961853028,3.390000104904175,3.0799999237060547,3.130000114440918,3.130000114440918,11358100,False,-0.07791827162425413,-0.02971193944469936,-0.04820633217955477,41.91050053233354,3.3809999990463258,3.5788000094890595
2023-03-15,3.039999961853028,3.0899999141693115,2.930000066757202,3.039999961853028,3.039999961853028,12209800,False,-0.09148515792784817,-0.03462306059863471,-0.05686209732921346,39.441504949961285,3.3861999988555906,3.574100009202957
2023-03-16,3.049999952316284,3.0999999046325684,2.9600000381469727,3.0899999141693115,3.0899999141693115,9932500,False,-0.09708331871679743,-0.03217697711006717,-0.06490634160673026,41.503274168916214,3.394799995422363,3.5684500098228455
2023-03-17,3.049999952316284,3.0999999046325684,2.900000095367432,2.930000066757202,2.930000066757202,11618200,False,-0.11312650011176295,-0.03857612680402615,-0.0745503733077368,37.14513063563107,3.3989999961853026,3.5626000106334685
2023-03-20,2.940000057220459,3.0199999809265137,2.8399999141693115,2.869999885559082,2.869999885559082,7919700,False,-0.12919309258103828,-0.043714175418641185,-0.0854789171623971,35.63400196154539,3.403799991607666,3.5575500094890593
2023-03-21,2.9100000858306885,3.069999933242798,2.9100000858306885,2.9800000190734863,2.9800000190734863,9387200,False,-0.13153365332269962,-0.03684378892824201,-0.0946898643944576,40.41951928910169,3.4067999935150146,3.55085000872612
2023-03-22,2.9800000190734863,2.9800000190734863,2.819999933242798,2.8299999237060547,2.8299999237060547,8038100,False,-0.1438342865447919,-0.03931553772026744,-0.10451874882452447,36.440800042148204,3.4043999910354614,3.5445000088214873
2023-03-23,2.869999885559082,3.0299999713897705,2.819999933242798,2.859999895095825,2.859999895095825,10617100,False,-0.14943923751625254,-0.035936390953382455,-0.11350284656287009,37.76037214840426,3.4009999895095824,3.5375500082969666
2023-03-24,2.859999895095825,2.890000104904175,2.759999990463257,2.789999961853028,2.789999961853028,7420000,False,-0.1577116098748994,-0.03536701064962344,-0.12234459922527596,35.888109575892344,3.3945999908447266,3.530250008106232
2023-03-27,2.8499999046325684,2.8499999046325684,2.650000095367432,2.6700000762939453,2.6700000762939453,9834300,False,-0.1719681704298348,-0.039698856963647056,-0.13226931346618775,32.87849863596556,3.3845999908447264,3.5232500076293944
2023-03-28,2.680000066757202,2.7100000381469727,2.609999895095825,2.619999885559082,2.619999885559082,7241400,False,-0.18516670835423366,-0.04231791591043671,-0.14284879244379695,31.686146026536242,3.3721999883651734,3.5173500072956085
2023-03-29,2.690000057220459,2.8399999141693115,2.630000114440918,2.789999961853028,2.789999961853028,11609800,False,-0.17983602162934043,-0.02958978334843476,-0.15024623828090566,39.69398772325069,3.358199987411499,3.5125000071525574
2023-03-30,2.8299999237060547,2.940000057220459,2.7799999713897705,2.7799999713897705,2.7799999713897705,8645600,False,-0.17440786435614442,-0.019329300860190995,-0.15507856349595342,39.401401739481315,3.346799988746643,3.509900007247925
2023-03-31,2.819999933242798,2.990000009536743,2.75,2.8499999046325684,2.8499999046325684,10335000,False,-0.1625834403152555,-0.0060039014554416625,-0.15657953885981385,42.5913862199899,3.3411999845504763,3.5075500071048737
2023-04-03,2.859999895095825,2.9200000762939453,2.7100000381469727,2.759999990463257,2.759999990463257,8522700,False,-0.1586459680196297,-0.0016531433278526853,-0.15699282469177703,39.69789217804229,3.32899998664856,3.504200006723404
2023-04-04,2.799999952316284,2.809999942779541,2.630000114440918,2.6700000762939453,2.6700000762939453,7935200,False,-0.16093260290101163,-0.003151822567387691,-0.15778078033362394,36.99151908591626,3.3083999872207643,3.5013000071048737
2023-04-05,2.6600000858306885,2.6700000762939453,2.430000066757202,2.470000028610229,2.470000028610229,12063500,False,-0.17684455593782156,-0.01525102048335808,-0.16159353545446348,31.802819459262402,3.285399990081787,3.49635000705719
2023-04-06,2.470000028610229,2.4800000190734863,2.369999885559082,2.390000104904175,2.390000104904175,9757900,False,-0.19367762353081552,-0.025667270461081637,-0.1680103530697339,29.990698822127243,3.2595999908447264,3.489900007247925
2023-04-10,2.390000104904175,2.400000095367432,2.299999952316284,2.390000104904175,2.390000104904175,8703000,False,-0.20465877194662774,-0.02931873510151506,-0.17534003684511268,29.990698822127243,3.238799991607666,3.483000007867813
2023-04-11,2.430000066757202,2.470000028610229,2.369999885559082,2.450000047683716,2.450000047683716,8060000,False,-0.20614362188604307,-0.02464286803274429,-0.18150075385329878,33.29667409931366,3.215799994468689,3.475600007772446
2023-04-12,2.5199999809265137,2.5299999713897705,2.289999961853028,2.309999942779541,2.309999942779541,11389600,False,-0.21612585032795684,-0.027700077179726446,-0.1884257731482304,29.764772214816812,3.19239999294281,3.467650007009506
2023-04-13,2.3499999046325684,2.359999895095825,2.289999961853028,2.319999933242798,2.319999933242798,7334400,False,-0.2206859918870543,-0.025808174991059085,-0.1948778168959952,30.333218497081702,3.165599989891052,3.459950007200241
2023-04-14,2.319999933242798,2.3399999141693115,2.1700000762939453,2.220000028610229,2.220000028610229,14067400,False,-0.22972101265889355,-0.02787455661031865,-0.2018464560485749,27.901328115938803,3.13279999256134,3.4525500071048736
2023-04-17,2.220000028610229,2.3499999046325684,2.2100000381469727,2.319999933242798,2.319999933242798,9346100,False,-0.22620462898911642,-0.01948653835243319,-0.20671809063668323,33.63155511354385,3.0941999912261964,3.446200007200241
2023-04-18,2.319999933242798,2.3299999237060547,2.140000104904175,2.1700000762939453,2.1700000762939453,12143000,False,-0.23283759756297062,-0.0208956055410299,-0.21194199202194072,29.80498705729984,3.055799989700317,3.4383000075817107
2023-04-19,2.140000104904175,2.1700000762939453,2.0999999046325684,2.140000104904175,2.140000104904175,8231700,False,-0.2377741080087583,-0.020665692789454043,-0.21710841521930427,29.092049507368095,3.0199999904632566,3.430100008249283
2023-04-20,2.0799999237060547,2.140000104904175,2.059999942779541,2.069999933242798,2.069999933242798,6977600,False,-0.24451612723119487,-0.021926169609512464,-0.2225899576216824,27.442557976724938,2.9843999910354615,3.4212500083446504
2023-04-21,2.069999933242798,2.0799999237060547,2.0199999809265137,2.039999961853028,2.039999961853028,9097500,False,-0.24940498756213136,-0.02145202395235915,-0.2279529636097722,26.742735291269177,2.9509999895095826,3.411550008058548
2023-04-24,2.0199999809265137,2.059999942779541,1.9800000190734863,2.0199999809265137,2.0199999809265137,7614400,False,-0.25198850923364535,-0.0192284364990985,-0.23276007273454685,26.261914505812836,2.921399989128113,3.400500007867813
2023-04-25,1.9800000190734863,1.9900000095367432,1.8600000143051147,1.8600000143051147,1.8600000143051147,10062300,False,-0.2639045020773234,-0.02491554347422123,-0.23898895860310218,22.739550197871896,2.889999988079071,3.3882000070810316
2023-04-26,1.870000004768372,1.899999976158142,1.7699999809265137,1.7999999523162842,1.7999999523162842,14070900,False,-0.2750192649245866,-0.02882424505718753,-0.24619501986739908,21.571134544499824,2.856799986362457,3.3770500057935715
2023-04-27,1.809999942779541,1.9800000190734863,1.7999999523162842,1.8899999856948853,1.8899999856948853,11818000,False,-0.27341379993512316,-0.02177502405417925,-0.2516387758809439,27.582008576757016,2.8247999858856203,3.3668000054359437
2023-04-28,1.870000004768372,1.909999966621399,1.8200000524520876,1.8799999952316284,1.8799999952316284,8864100,False,-0.2698378502517276,-0.014559259496626897,-0.2552785907551007,27.331360404634584,2.7855999875068664,3.356450005173683
2023-05-01,1.9800000190734863,2.2300000190734863,1.950000047683716,2.039999961853028,2.039999961853028,21348000,False,-0.2511975749544626,0.003264812640510484,-0.2544623875949731,37.16952306279208,2.7533999848365784,3.3477500051259996
2023-05-02,2.059999942779541,2.150000095367432,2.0299999713897705,2.109999895095825,2.109999895095825,15722300,False,-0.22814667997621774,0.021052566095004277,-0.249199246071222,40.93695340206627,2.724199984073639,3.3408500045537948
2023-05-03,2.109999895095825,2.299999952316284,2.0799999237060547,2.220000028610229,2.220000028610229,15573200,False,-0.19871196038269767,0.04038982855081949,-0.23910178893351716,46.378178662531596,2.7017999863624573,3.334450004696846
2023-05-04,2.2300000190734863,2.2799999713897705,2.130000114440918,2.240000009536743,2.240000009536743,12197000,False,-0.17179060654881972,0.05384894590775796,-0.22563955245657769,47.32830038097687,2.6791999888420106,3.3281000047922134
2023-05-05,2.2699999809265137,2.470000028610229,2.2300000190734863,2.4600000381469727,2.4600000381469727,18250500,False,-0.1311907902194802,0.07555900978967797,-0.20674980000915819,56.46612553794912,2.6605999875068664,3.3224000054597855
2023-05-08,2.5199999809265137,2.609999895095825,2.3399999141693115,2.390000104904175,2.390000104904175,11806200,False,-0.10347080583016988,0.08262319534319065,-0.18609400117336053,53.29776854241853,2.6441999888420105,3.316650006175041
2023-05-09,2.289999961853028,2.3399999141693115,2.25,2.3399999141693115,2.3399999141693115,8289100,False,-0.08456233406434377,0.08122533368721341,-0.16578766775155718,51.092497515799295,2.6251999878883363,3.3117000061273574
2023-05-10,2.380000114440918,2.390000104904175,2.25,2.2799999713897705,2.2799999713897705,6801700,False,-0.07357065123234285,0.07377361321537146,-0.1473442644477143,48.499205471993264,2.6039999890327454,3.30640000641346
2023-05-11,2.25,2.2799999713897705,2.1600000858306885,2.2100000381469727,2.2100000381469727,6538300,False,-0.06970456219265309,0.06211176180404898,-0.13181632399670207,45.59175655446167,2.5825999903678896,3.301250006556511
2023-05-12,2.2300000190734863,2.3399999141693115,2.150000095367432,2.2300000190734863,2.2300000190734863,8789700,False,-0.06428578099428295,0.0540244344019353,-0.11831021539621825,46.577175603022056,2.5615999913215637,3.2954500061273575
2023-05-15,2.2300000190734863,2.440000057220459,2.200000047683716,2.4100000858306885,2.4100000858306885,8912700,False,-0.04494871597225858,0.058689199539167736,-0.10363791551142632,54.554775782476135,2.540199992656708,3.2896500068902967
2023-05-16,2.390000104904175,2.400000095367432,2.2300000190734863,2.240000009536743,2.240000009536743,7729800,False,-0.042847617371930546,0.04863223851159662,-0.09147985588352717,47.36142389361321,2.5167999911308288,3.282900007367134
2023-05-17,2.25,2.380000114440918,2.25,2.359999895095825,2.359999895095825,7960400,False,-0.03114052512055654,0.0482714646103765,-0.07941198973093304,52.15692519350859,2.497399990558624,3.277550006508827
2023-05-18,2.3499999046325684,2.359999895095825,2.25,2.289999961853028,2.289999961853028,8520600,False,-0.027197464326221166,0.04177162032376949,-0.06896908464999066,49.3335184493983,2.477199990749359,3.270500006079674
2023-05-19,2.309999942779541,2.3499999046325684,2.059999942779541,2.119999885559082,2.119999885559082,21521800,False,-0.03735948871506256,0.02528767674794248,-0.06264716546300504,43.215174199305814,2.4523999905586242,3.262300005555153
2023-05-22,2.119999885559082,2.359999895095825,2.0899999141693115,2.3499999046325684,2.3499999046325684,16420000,False,-0.026547859706554267,0.028879444605160627,-0.055427304311714894,51.905747669580016,2.437399990558624,3.2544000047445296
2023-05-23,2.309999942779541,2.369999885559082,2.220000028610229,2.240000009536743,2.240000009536743,9178600,False,-0.026549590893212294,0.023102170734802085,-0.04965176162801438,48.113212834862,2.418599989414215,3.244850004315376
2023-05-24,2.2100000381469727,2.2100000381469727,2.109999895095825,2.150000095367432,2.150000095367432,7701100,False,-0.0334278681282516,0.012979114799810225,-0.04640698292806183,45.20305576696865,2.3989999890327454,3.233250005841255
2023-05-25,2.180000066757202,2.2100000381469727,2.0,2.049999952316284,2.049999952316284,12700200,False,-0.04641310679649946,-4.899094750099309e-06,-0.04640820770174936,42.15224028569428,2.3791999888420103,3.2222000044584274
2023-05-26,2.059999942779541,2.069999933242798,1.9600000381469729,2.0299999713897705,2.0299999713897705,8881600,False,-0.05765324261565796,-0.00899602793112688,-0.04865721468453108,41.54827114700147,2.3579999899864195,3.2079000049829482
2023-05-30,2.0799999237060547,2.240000009536743,2.059999942779541,2.1700000762939453,2.1700000762939453,11089200,False,-0.05463450028656691,-0.0047818284816286555,-0.049852671804938256,47.24636904413506,2.3427999901771543,3.1948500043153762
2023-05-31,2.1600000858306885,2.220000028610229,2.0199999809265137,2.119999885559082,2.119999885559082,10885600,False,-0.05563539259121031,-0.004626176629017639,-0.05100921596219267,45.538937038727475,2.3277999901771547,3.1799000030755997
2023-06-01,2.130000114440918,2.220000028610229,2.069999933242798,2.1700000762939453,2.1700000762939453,8544700,False,-0.05179692670185432,-0.0006301685917293187,-0.051166758110125,47.579096733230216,2.3115999913215637,3.1649000030755996
2023-06-02,2.2300000190734863,2.2799999713897705,2.1700000762939453,2.2300000190734863,2.2300000190734863,8164100,False,-0.04341298304314334,0.006203020053585334,-0.04961600309672867,49.99965164032252,2.299599993228912,3.151450002789497
2023-06-05,2.2300000190734863,2.259999990463257,2.1600000858306885,2.1600000858306885,2.1600000858306885,8182800,False,-0.041933671625707714,0.00614586517681677,-0.048079536802524483,47.25797029875607,2.28559999704361,3.1390000027418137
2023-06-06,2.150000095367432,2.4200000762939453,2.130000114440918,2.380000114440918,2.380000114440918,21383500,False,-0.02274693052204979,0.02026608502437975,-0.04301301554642954,55.514190869875954,2.2774000000953674,3.12770000398159
2023-06-07,2.4600000381469727,2.569999933242798,2.369999885559082,2.380000114440918,2.380000114440918,24771700,False,-0.007455359224060931,0.028446125057894893,-0.035901484281955824,55.51419086987594,2.271600000858307,3.1183000034093857
2023-06-08,2.299999952316284,2.5899999141693115,2.25,2.309999942779541,2.309999942779541,28004100,False,-0.0009738813399451374,0.027942082353608552,-0.02891596369355369,52.48250144499625,2.265400002002716,3.1098000019788743
2023-06-09,2.309999942779541,2.3299999237060547,2.1700000762939453,2.3299999237060547,2.3299999237060547,16268300,False,0.0057107380601517654,0.027701361402964364,-0.0219906233428126,53.26775960217969,2.2562000012397765,3.101550001502037
2023-06-12,2.319999933242798,2.640000104904175,2.259999990463257,2.5999999046325684,2.5999999046325684,29215000,False,0.032421355862796375,0.04352958336448718,-0.011108227501690805,62.32054683034642,2.2525999999046324,3.0924500006437303
2023-06-13,2.650000095367432,2.809999942779541,2.549999952316284,2.789999961853028,2.789999961853028,25033000,False,0.06813570365324972,0.06339514492395243,0.004740558729297302,67.14397110184746,2.2514000010490416,3.083649999499321
2023-06-14,2.869999885559082,2.940000057220459,2.539999961853028,2.569999933242798,2.569999933242798,23180500,False,0.07779069518223869,0.05844010916235311,0.019350586019885582,57.90138483334553,2.2475999999046326,3.0755000001192094
2023-06-15,2.539999961853028,2.740000009536743,2.490000009536743,2.700000047683716,2.700000047683716,14104300,False,0.0948390230856253,0.06039074965259178,0.03444827343303353,61.292103387685586,2.248199999332428,3.0676500004529954
2023-06-16,2.7300000190734863,2.7300000190734863,2.509999990463257,2.559999942779541,2.559999942779541,19810200,False,0.09594708902229776,0.04919905247141138,0.04674803655088638,56.05592133594333,2.2499999976158143,3.059499999880791
2023-06-20,2.549999952316284,2.569999933242798,2.369999885559082,2.430000066757202,2.430000066757202,14396400,False,0.08535145724984794,0.030882736559169247,0.05446872069067869,51.64398516869012,2.2507999968528747,3.0506999999284745
2023-06-21,2.4100000858306885,2.4200000762939453,2.299999952316284,2.3299999237060547,2.3299999237060547,16607300,False,0.06810015077732645,0.010905144069318203,0.05719500670800825,48.48288302704555,2.2495999932289124,3.0424999994039537
2023-06-22,2.299999952316284,2.299999952316284,2.1700000762939453,2.220000028610229,2.220000028610229,16069400,False,0.045033179421953395,-0.009729461828843884,0.05476264125079728,45.205083486534214,2.2449999928474424,3.0338999992609024
2023-06-23,2.1700000762939453,2.2300000190734863,2.140000104904175,2.180000066757202,2.180000066757202,21583900,False,0.023256687193178305,-0.025204763246095184,0.04846145043927349,44.03912098242959,2.2423999953269957,3.0255500000715254
2023-06-26,2.200000047683716,2.25,2.1700000762939453,2.180000066757202,2.180000066757202,9300400,False,0.005930299410597417,-0.03402492082294086,0.03995522023353828,44.0391209824296,2.239599997997284,3.016500000357628
2023-06-27,2.200000047683716,2.2100000381469727,2.0899999141693115,2.130000114440918,2.130000114440918,10583100,False,-0.011700687776605267,-0.04132472640811484,0.029624038631509572,42.451771670531954,2.2377999997138978,3.0081000012159347
2023-06-28,2.130000114440918,2.200000047683716,2.109999895095825,2.119999885559082,2.119999885559082,16375100,False,-0.026178537161408055,-0.0446420606343341,0.018463523472926048,42.124735277542555,2.2337999987602233,2.9975000017881395
2023-06-29,2.140000104904175,2.25,2.119999885559082,2.1600000858306885,2.1600000858306885,20116600,False,-0.03403235147642247,-0.041996699959478814,0.007964348483056344,43.98361898473463,2.2335999989509583,2.9865000015497207
2023-06-30,2.2100000381469727,2.2100000381469727,2.119999885559082,2.1600000858306885,2.1600000858306885,15053300,False,-0.039797791734893284,-0.0382097121743597,-0.0015880795605335823,43.98361898473463,2.2339999985694887,2.9767000025510786
2023-07-03,2.150000095367432,2.240000009536743,2.140000104904175,2.1700000762939453,2.1700000762939453,11442500,False,-0.04306361843337969,-0.03318043109827688,-0.009883187335102805,44.50045814866982,2.2360000014305115,2.965800003409386
2023-07-05,2.1600000858306885,2.2799999713897705,2.130000114440918,2.190000057220459,2.190000057220459,19130300,False,-0.043536121004342565,-0.026922346935391805,-0.01661377406895076,45.58188839927891,2.23900000333786,2.955500003695488
2023-07-06,2.150000095367432,2.1700000762939453,1.9900000095367432,2.049999952316284,2.049999952316284,24235100,False,-0.054578276731733766,-0.030371602130226404,-0.024206674601507362,39.7439019626697,2.2396000027656555,2.9456500035524367
2023-07-07,2.049999952316284,2.150000095367432,2.049999952316284,2.0799999237060547,2.0799999237060547,14130300,False,-0.060214403567038666,-0.02880618317242504,-0.03140822039461363,41.473713927656746,2.2440000009536742,2.9359000021219255
2023-07-10,2.0899999141693115,2.200000047683716,2.059999942779541,2.180000066757202,2.180000066757202,22449800,False,-0.05596674903714849,-0.01964682291402789,-0.0363199261231206,46.94156630922099,2.2516000032424928,2.927300001978874
2023-07-11,2.200000047683716,2.2300000190734863,2.1600000858306885,2.220000028610229,2.220000028610229,14167600,False,-0.04881013671876344,-0.009992168476514268,-0.03881796824224917,48.9942798102701,2.2582000041007997,2.918750001788139
2023-07-12,2.299999952316284,2.3499999046325684,2.240000009536743,2.319999933242798,2.319999933242798,19306400,False,-0.034669663031746456,0.0033186441684021767,-0.03798830720014863,53.80583756037344,2.267000002861023,2.9117500013113022
2023-07-13,2.3399999141693115,2.440000057220459,2.3299999237060547,2.369999885559082,2.369999885559082,18530500,False,-0.01920724827131215,0.01502484714306919,-0.03423209541438134,56.03884710675537,2.273600001335144,2.905700001120567
2023-07-14,2.450000047683716,2.5199999809265137,2.2100000381469727,2.2100000381469727,2.2100000381469727,23414300,False,-0.01963745532354677,0.011675712072667654,-0.031313167396214425,48.03662453152414,2.275600004196167,2.8991000014543533
2023-07-17,2.240000009536743,2.539999961853028,2.190000057220459,2.490000009536743,2.490000009536743,24945200,False,0.0025854565876874958,0.027118899187121535,-0.02453344259943404,59.05555665428712,2.281000003814697,2.894050001502037
2023-07-18,2.490000009536743,2.539999961853028,2.309999942779541,2.3399999141693115,2.3399999141693115,20201800,False,0.008001286442247846,0.02602778323334551,-0.018026496791097663,52.61834790349574,2.2830000019073484,2.887950001358986
2023-07-19,2.400000095367432,2.450000047683716,2.3499999046325684,2.400000095367432,2.400000095367432,11950500,False,0.01693961447011816,0.027972889008972657,-0.011033274538854498,54.74337606044611,2.281800003051758,2.883000001311302
2023-07-20,2.3399999141693115,2.359999895095825,2.25,2.299999952316284,2.299999952316284,13245600,False,0.0157723145964761,0.02144447130826448,-0.005672156711788379,50.66493038184866,2.28,2.87745000064373
2023-07-21,2.319999933242798,2.3299999237060547,2.220000028610229,2.259999990463257,2.259999990463257,13045400,False,0.011487141788720123,0.013727438800406801,-0.0022402970116866786,49.08951357917875,2.278400001525879,2.8712500005960466
2023-07-24,2.2699999809265137,2.319999933242798,2.240000009536743,2.25,2.25,9892500,False,0.007201185030148327,0.007553185633468004,-0.0003520006033196775,48.68196366796632,2.2778000020980835,2.8637500005960463
2023-07-25,2.259999990463257,2.2699999809265137,2.150000095367432,2.1700000762939453,2.1700000762939453,11817200,False,-0.0026205833815255986,-0.0018148662225647369,-0.0008057171589608617,45.432348511687444,2.277000002861023,2.8573000007867813
2023-07-26,2.1700000762939453,2.2100000381469727,2.119999885559082,2.1600000858306885,2.1600000858306885,15410300,False,-0.011083556921854143,-0.008222271810314624,-0.002861285111539518,45.0277366065893,2.275600004196167,2.851750001311302
2023-07-27,2.200000047683716,2.259999990463257,2.0799999237060547,2.0899999141693115,2.0899999141693115,16843500,False,-0.023171842683738397,-0.016248446057759103,-0.0069233966259792945,42.19492378582344,2.2692000007629396,2.84665000140667
2023-07-28,2.180000066757202,2.200000047683716,2.0999999046325684,2.150000095367432,2.150000095367432,11169700,False,-0.027592316017744256,-0.01653513551341197,-0.011057180504332288,45.36760296470115,2.2674000024795533,2.8418500024080275
2023-07-31,2.180000066757202,2.2100000381469727,2.130000114440918,2.190000057220459,2.190000057220459,17719900,False,-0.02755032733083773,-0.013194517461204354,-0.014355809869633378,47.438780431005675,2.2640000057220457,2.837100002169609
2023-08-01,2.1600000858306885,2.180000066757202,2.119999885559082,2.130000114440918,2.130000114440918,13664300,False,-0.031989786588970226,-0.014107181375469478,-0.017882605213500748,44.70122795748911,2.2608000087738036,2.8330500024557113
2023-08-02,2.0999999046325684,2.0999999046325684,1.9299999475479128,2.009999990463257,2.009999990463257,24709400,False,-0.044676098899526284,-0.021434794948820425,-0.02324130395070586,39.75943361381161,2.2586000108718873,2.828000002503395
2023-08-03,2.0299999713897705,2.0799999237060547,2.0199999809265137,2.0299999713897705,2.0299999713897705,12206100,False,-0.05251094797035938,-0.023415715215722815,-0.029095232754636564,40.931504011886574,2.252200012207031,2.823650001883507
2023-08-04,2.049999952316284,2.069999933242798,1.9600000381469729,1.9900000095367432,1.9900000095367432,13526500,False,-0.06124182727087879,-0.02571727561299378,-0.03552455165788501,39.28520632332802,2.2472000122070312,2.818150002360344
2023-08-07,1.9900000095367432,1.9900000095367432,1.870000004768372,1.909999966621399,1.909999966621399,14701700,False,-0.07376611701500746,-0.030593252285697953,-0.04317286472930951,36.1532656688042,2.2424000096321106,2.8122000026702882
2023-08-08,1.8799999952316284,1.909999966621399,1.8200000524520876,1.909999966621399,1.909999966621399,10679300,False,-0.08273795522462368,-0.03165207239625134,-0.05108588282837234,36.1532656688042,2.2396000099182127,2.807100002169609
2023-08-09,1.919999957084656,1.9600000381469729,1.8899999856948853,1.909999966621399,1.909999966621399,12287900,False,-0.08882429051449803,-0.030190726148900546,-0.05863356436559748,36.1532656688042,2.2372000098228453,2.802150001525879
2023-08-10,1.8799999952316284,1.950000047683716,1.830000042915344,1.899999976158142,1.899999976158142,11721100,False,-0.093378264234238,-0.02779575989491241,-0.0655825043393256,35.70881522629416,2.231800007820129,2.7964500015974045
2023-08-11,1.870000004768372,1.8799999952316284,1.830000042915344,1.870000004768372,1.870000004768372,8083200,False,-0.09827521270975081,-0.026154166696340173,-0.07212104601341064,34.34472894365286,2.226800010204315,2.791050001382828
2023-08-14,1.840000033378601,1.8899999856948853,1.7999999523162842,1.8799999952316284,1.8799999952316284,7629500,False,-0.10019418777230338,-0.02245851340711419,-0.07773567436518919,35.23287511441062,2.221000008583069,2.7848500019311904
2023-08-15,1.8600000143051147,1.8600000143051147,1.7799999713897705,1.7799999713897705,1.7799999713897705,6761900,False,-0.10853305403636249,-0.024637903736938638,-0.08389515029942385,30.752805237054265,2.2120000076293946,2.7777000015974043
2023-08-16,1.7999999523162842,1.7999999523162842,1.6699999570846558,1.7000000476837158,1.7000000476837158,13834200,False,-0.12021127019089306,-0.029052895913175364,-0.0911583742777177,27.716475962710838,2.2028000068664553,2.7705000013113024
2023-08-17,1.7200000286102295,1.7300000190734863,1.6200000047683716,1.6299999952316284,1.6299999952316284,11502300,False,-0.1335749905053969,-0.03393329298214336,-0.09964169752325354,25.357298612608805,2.1878000044822694,2.7633500015735626
2023-08-18,1.5700000524520874,1.6299999952316284,1.5499999523162842,1.6100000143051147,1.6100000143051147,9465300,False,-0.14411835970884224,-0.03558132974847095,-0.10853702996037129,24.710135717060137,2.172400002479553,2.755800002217293
2023-08-21,1.6100000143051147,1.6200000047683716,1.5399999618530271,1.5399999618530271,1.5399999618530271,7789500,False,-0.1563205094546274,-0.03822678359540488,-0.11809372585922251,22.54168084541768,2.157000002861023,2.748000002503395
2023-08-22,1.5499999523162842,1.5800000429153442,1.409999966621399,1.440000057220459,1.440000057220459,12998200,False,-0.1720763683491695,-0.0431861139919576,-0.1288902543572119,19.860362755953958,2.139200005531311,2.7404000025987627
2023-08-23,1.4500000476837158,1.4800000190734863,1.399999976158142,1.4199999570846558,1.4199999570846558,8303100,False,-0.18405516756969642,-0.0441319305699876,-0.13992323699970882,19.36425044946954,2.115600006580353,2.7323000025749207
2023-08-24,1.4500000476837158,1.4500000476837158,1.3200000524520874,1.3300000429153442,1.3300000429153442,10638600,False,-0.19852225221957331,-0.04687921217589158,-0.15164304004368173,17.27321837049425,2.086400008201599,2.723400003314018
2023-08-25,1.3300000429153442,1.4199999570846558,1.3200000524520874,1.3799999952316284,1.3799999952316284,9602100,False,-0.20360590066681516,-0.04157028849850675,-0.16203561216830842,22.29351574362956,2.062600009441376,2.7146000027656556
2023-08-28,1.5199999809265137,1.5299999713897705,1.309999942779541,1.3300000429153442,1.3300000429153442,19111900,False,-0.20925712113741413,-0.037777207175284544,-0.17147991396212958,20.925935318445998,2.035200009346008,2.7054000025987626
2023-08-29,1.340000033378601,1.5,1.3200000524520874,1.4700000286102295,1.4700000286102295,15457800,False,-0.20013192895908993,-0.02292161199756826,-0.17721031696152167,33.269528279487595,2.0134000110626222,2.6980000025033952
2023-08-30,1.4700000286102295,1.5499999523162842,1.409999966621399,1.4199999570846558,1.4199999570846558,9489300,False,-0.19469046581903449,-0.013984119086010244,-0.18070634673302424,31.38518698097888,1.993200008869171,2.687550002336502
2023-08-31,1.409999966621399,1.4500000476837158,1.3799999952316284,1.399999976158142,1.399999976158142,10324100,False,-0.1898039565288665,-0.0072780878366737745,-0.18252586869219273,30.637684728875332,1.9746000099182128,2.676350001692772
2023-09-01,1.409999966621399,1.5,1.399999976158142,1.4700000286102295,1.4700000286102295,9038000,False,-0.17822843701442181,0.0034379453422167527,-0.18166638235663857,36.351538996384704,1.959600009918213,2.66570000231266
2023-09-05,1.4600000381469729,1.4600000381469729,1.3899999856948853,1.440000057220459,1.440000057220459,8110500,False,-0.16952136460525824,0.009716014201104295,-0.17923737880636254,35.020073873968904,1.944800009727478,2.653550003170967
2023-09-06,1.4199999570846558,1.4600000381469729,1.3899999856948853,1.409999966621399,1.409999966621399,5828700,False,-0.16316088644523719,0.01286119388890028,-0.17602208033413747,33.69112311255793,1.929400007724762,2.6424500024318696
2023-09-07,1.409999966621399,1.4800000190734863,1.340000033378601,1.4600000381469729,1.4600000381469729,11779300,False,-0.15232961281987323,0.018953974011411412,-0.17128358683128464,37.91955552138991,1.916000006198883,2.6319000029563906
2023-09-08,1.4700000286102295,1.4700000286102295,1.399999976158142,1.440000057220459,1.440000057220459,8141300,False,-0.14370306230046537,0.022064419624655413,-0.16576748192512078,36.90577103052818,1.9024000096321105,2.6212500035762787
2023-09-11,1.4199999570846558,1.5,1.309999942779541,1.3899999856948853,1.3899999856948853,19962100,False,-0.13929533683230866,0.021177716074249703,-0.16047305290655836,34.42768726967523,1.8870000076293945,2.6109000033140184
2023-09-12,1.3600000143051147,1.399999976158142,1.3200000524520874,1.350000023841858,1.350000023841858,12600800,False,-0.13744545956966614,0.018422074669513788,-0.15586753423917993,32.54499416635941,1.870800006389618,2.600450003147125
2023-09-13,1.350000023841858,1.3700000047683716,1.2799999713897705,1.2799999713897705,1.2799999713897705,11992600,False,-0.14001384527665506,0.012682951170019885,-0.15269679644667494,29.504250944894963,1.8530000042915344,2.589350003004074
2023-09-14,1.2799999713897705,1.3200000524520874,1.2699999809265137,1.2799999713897705,1.2799999713897705,11777400,False,-0.1404305139043338,0.009813026033872907,-0.15024353993820672,29.504250944894963,1.8348000025749207,2.5783500027656556
2023-09-15,1.2899999618530271,1.309999942779541,1.2100000381469729,1.2400000095367432,1.2400000095367432,13084300,False,-0.14234749609487252,0.006316835074667376,-0.1486643311695399,27.783891477942724,1.8186000037193297,2.568250002861023
2023-09-18,1.2200000286102295,1.2400000095367432,1.159999966621399,1.1699999570846558,1.1699999570846558,9676500,False,-0.14781126129908073,0.0006824558963673399,-0.14849371719544807,25.033014144456438,1.800400004386902,2.5581000024080276
2023-09-19,1.159999966621399,1.2400000095367432,1.1299999952316284,1.2100000381469729,1.2100000381469729,9220900,False,-0.1472166405475599,0.0010216613183105516,-0.14823830186587045,29.33836942184833,1.7810000038146974,2.5468500024080276
2023-09-20,1.2100000381469729,1.2899999618530271,1.190000057220459,1.2100000381469729,1.2100000381469729,9107800,False,-0.14507308707502853,0.002532171832673541,-0.14760525890770207,29.338369421848327,1.7608000040054321,2.5352500027418134
2023-09-21,1.1799999475479126,1.2000000476837158,1.1299999952316284,1.159999966621399,1.159999966621399,8139200,False,-0.14572901997950072,0.0015009911425610811,-0.1472300111220618,27.083493018726262,1.7376000046730042,2.5227500021457674
2023-09-22,1.1699999570846558,1.2100000381469729,1.149999976158142,1.1799999475479126,1.1799999475479126,8122300,False,-0.14298675787941373,0.003394602594118473,-0.1463813604735322,29.420234246068294,1.7138000059127807,2.511400001645088
2023-09-25,1.1699999570846558,1.25,1.159999966621399,1.2300000190734863,1.2300000190734863,7276100,False,-0.1352201735154317,0.00892894956648041,-0.1441491230819121,35.02618002963913,1.6942000055313111,2.501900001168251
2023-09-26,1.2300000190734863,1.3200000524520874,1.2000000476837158,1.2599999904632568,1.2599999904632568,8773100,False,-0.1252011119967129,0.015158408868159362,-0.14035952086487227,38.197983184896614,1.6696000051498414,2.4925500005483627
2023-09-27,1.2799999713897705,1.340000033378601,1.2599999904632568,1.2899999618530271,1.2899999618530271,7589500,False,-0.11353146651366997,0.02146244348096185,-0.13499390999463182,41.2847473068435,1.6486000061035155,2.482800000309944
2023-09-28,1.2899999618530271,1.2999999523162842,1.2000000476837158,1.25,1.25,10543700,False,-0.10628565613758245,0.022966603085639498,-0.12925225922322195,38.52204820676807,1.625600004196167,2.472900000214577
2023-09-29,1.2699999809265137,1.309999942779541,1.2300000190734863,1.2799999713897705,1.2799999713897705,7020500,False,-0.09700434651681888,0.025798330165122466,-0.12280267668194135,41.67449943954966,1.6052000045776367,2.4619499999284744
2023-10-02,1.2599999904632568,1.2799999713897705,1.159999966621399,1.2000000476837158,1.2000000476837158,12537400,False,-0.09500896284728144,0.02223497106772794,-0.11724393391500938,36.32526970532506,1.5840000057220458,2.449699999690056
2023-10-03,1.1699999570846558,1.25,1.1399999856948853,1.190000057220459,1.190000057220459,8980900,False,-0.09316062487707977,0.0192666472303437,-0.11242727210742347,35.708270827366164,1.5628000068664551,2.437049999833107
2023-10-04,1.1699999570846558,1.25,1.149999976158142,1.2400000095367432,1.2400000095367432,9002800,False,-0.08666223711021437,0.02061202799776729,-0.10727426510798166,41.09565044841781,1.544200005531311,2.424699999690056
2023-10-05,1.2100000381469729,1.2599999904632568,1.190000057220459,1.2200000286102295,1.2200000286102295,6765100,False,-0.082178743895438,0.020076416970034927,-0.10225516086547293,39.66391516493463,1.5254000043869018,2.4132499998807906
2023-10-06,1.2000000476837158,1.2599999904632568,1.1799999475479126,1.25,1.25,5733600,False,-0.07533636552347578,0.021535036273597735,-0.09687140179707351,42.878622797001015,1.5086000061035156,2.4031999999284746
2023-10-09,1.2100000381469729,1.25,1.149999976158142,1.190000057220459,1.190000057220459,8556900,False,-0.073903313909355,0.018374470310174806,-0.09227778421952981,38.4645481828882,1.4894000053405763,2.3958999997377397
2023-10-10,1.2000000476837158,1.3799999952316284,1.190000057220459,1.350000023841858,1.350000023841858,16129800,False,-0.059174819564854264,0.026482371723740447,-0.08565719128859471,52.50548383712515,1.4726000046730041,2.3891499996185304
2023-10-11,1.4299999475479126,1.440000057220459,1.309999942779541,1.3700000047683716,1.3700000047683716,16252600,False,-0.04536560392684974,0.03223326988939598,-0.07759887381624572,53.92085214610344,1.4574000024795533,2.383000000119209
2023-10-12,1.3700000047683716,1.3700000047683716,1.2699999809265137,1.2899999618530271,1.2899999618530271,10098300,False,-0.04041120075155358,0.029750138451753713,-0.07016133920330729,47.78640184721771,1.4430000019073486,2.3760999995470047
2023-10-13,1.2799999713897705,1.3200000524520874,1.2400000095367432,1.2899999618530271,1.2899999618530271,10188700,False,-0.036069019337842345,0.027273855892371954,-0.0633428752302143,47.78640184721771,1.4282000017166139,2.369699999690056
2023-10-16,1.2999999523162842,1.3200000524520874,1.2000000476837158,1.2699999809265137,1.2699999809265137,16210700,False,-0.03385142247123363,0.02359316220718454,-0.05744458467841817,46.260461370253324,1.4138000011444092,2.363299999833107
2023-10-17,1.25,1.4299999475479126,1.2300000190734863,1.399999976158142,1.399999976158142,18172100,False,-0.021357847842493394,0.028869389468739827,-0.05022723731123322,56.07820673716144,1.403600001335144,2.3564999997615814
2023-10-18,1.399999976158142,1.399999976158142,1.25,1.2799999713897705,1.2799999713897705,12731100,False,-0.020898690347452842,0.023462837571024305,-0.044361527918477146,47.45913896711907,1.3910000014305115,2.3489999997615816
2023-10-19,1.2899999618530271,1.309999942779541,1.2200000286102295,1.2300000190734863,1.2300000190734863,9443600,False,-0.02428939004070063,0.01605771030222121,-0.04034710034292184,44.397211608635104,1.3774000024795532,2.3418499994277955
2023-10-20,1.2100000381469729,1.2200000286102295,1.1299999952316284,1.149999976158142,1.149999976158142,31440600,False,-0.03305088877890583,0.005836969251212812,-0.03888785803011864,39.955439673408605,1.3624000024795533,2.333999999165535
2023-10-23,1.1399999856948853,1.159999966621399,1.059999942779541,1.100000023841858,1.100000023841858,11613200,False,-0.04352726274684526,-0.003711523773381298,-0.039815738973463966,37.4346403180358,1.347000002861023,2.32634999871254
2023-10-24,1.1299999952316284,1.2000000476837158,1.1200000047683716,1.1699999570846558,1.1699999570846558,13190600,False,-0.04565517060837698,-0.0046715453079304164,-0.040983625300446566,42.8689832086001,1.3328000020980835,2.3180499988794327
2023-10-25,1.149999976158142,1.159999966621399,1.100000023841858,1.1299999952316284,1.1299999952316284,9548900,False,-0.049992928190635055,-0.007207442312150786,-0.04278548587848427,40.693837412452275,1.3198000025749206,2.308949998617172
2023-10-26,1.1200000047683716,1.1699999570846558,1.0800000429153442,1.1299999952316284,1.1299999952316284,10032000,False,-0.05282173623154218,-0.008029000282446325,-0.04479273594909586,40.69383741245227,1.308400001525879,2.2994499987363817
2023-10-27,1.1200000047683716,1.1299999952316284,1.0299999713897705,1.0399999618530271,1.0399999618530271,11322400,False,-0.0616155715618103,-0.013458268490171552,-0.04815730307163875,35.93582791635236,1.296600000858307,2.2890999990701677
2023-10-30,1.0700000524520874,1.090000033378601,0.9800000190734864,1.0499999523162842,1.0499999523162842,14559900,False,-0.06700543679430404,-0.015078506978132233,-0.05192692981617181,36.819761267239194,1.2853999996185304,2.2784999984502794
2023-10-31,1.0499999523162842,1.100000023841858,1.0299999713897705,1.090000033378601,1.090000033378601,8677700,False,-0.06727378130146522,-0.012277481188234726,-0.05499630011323049,40.36427585695288,1.2764000010490417,2.2677499985694887
2023-11-01,1.0700000524520874,1.0800000429153442,1.0,1.0399999618530271,1.0399999618530271,7102600,False,-0.07070597964043857,-0.012567743621766457,-0.05813823601867211,37.529961224155194,1.2683999991416932,2.2554999983310697
2023-11-02,1.0800000429153442,1.2000000476837158,1.0700000524520874,1.1799999475479126,1.1799999475479126,15510400,False,-0.061421167746418925,-0.0026263453821974495,-0.058794822364221476,48.44579754896638,1.2635999989509583,2.2446499985456465
2023-11-03,1.2000000476837158,1.2799999713897705,1.2000000476837158,1.25,1.25,11065400,False,-0.0478627363774744,0.008745668789397656,-0.05660840516687206,52.87934737807451,1.2619999980926513,2.235249997973442
2023-11-06,1.2999999523162842,1.2999999523162842,1.1200000047683716,1.1399999856948853,1.1399999856948853,10148800,False,-0.04546951936486354,0.008911108641606817,-0.05438062800647036,46.16127907649209,1.2571999979019166,2.224099998474121
2023-11-07,1.149999976158142,1.1799999475479126,1.1200000047683716,1.1399999856948853,1.1399999856948853,4191900,False,-0.04307632063002753,0.009043445901154266,-0.0521197665311818,46.16127907649209,1.2533999967575074,2.211299998164177
2023-11-08,1.1200000047683716,1.149999976158142,1.100000023841858,1.1399999856948853,1.1399999856948853,9388500,False,-0.04071040913544066,0.009127485916592917,-0.04983789505203358,46.161279076492086,1.2467999958992004,2.198899998664856
2023-11-09,1.149999976158142,1.190000057220459,1.100000023841858,1.1100000143051147,1.1100000143051147,12121500,False,-0.04078599859800591,0.007241517163222133,-0.048027515761228046,44.24649692787988,1.2405999970436097,2.1860499984025954
2023-11-10,1.0700000524520874,1.1200000047683716,1.0099999904632568,1.0299999713897705,1.0299999713897705,15430800,False,-0.04676219321180386,0.001012258039539353,-0.04777445125134321,39.53675975163959,1.2331999969482421,2.174049997925758
2023-11-13,1.0299999713897705,1.090000033378601,1.0,1.0499999523162842,1.0499999523162842,9358100,False,-0.04931605440839859,-0.0012332825256443011,-0.04808277188275429,41.221226130322826,1.2247999954223632,2.1612999981641767
2023-11-14,1.1100000143051147,1.2400000095367432,1.100000023841858,1.2400000095367432,1.2400000095367432,21067900,False,-0.03559823677095464,0.009987628089439725,-0.045585864860394364,54.25857888610286,1.220799994468689,2.1500999981164934
2023-11-15,1.25,1.3200000524520874,1.2300000190734863,1.2400000095367432,1.2400000095367432,14813800,False,-0.024444980937960548,0.016912707137947056,-0.0413576880759076,54.25857888610286,1.2173999953269958,2.1379999977350237
2023-11-16,1.2000000476837158,1.2300000190734863,1.1299999952316284,1.2200000286102295,1.2200000286102295,9254100,False,-0.017023539878465277,0.01946731855795386,-0.03649085843641914,52.82810753675612,1.212599995136261,2.1247999984025956
2023-11-17,1.2200000286102295,1.2699999809265137,1.159999966621399,1.2200000286102295,1.2200000286102295,16811700,False,-0.011015020075402449,0.02038067068881335,-0.0313956907642158,52.82810753675613,1.2081999945640565,2.1096499985456467
2023-11-20,1.2200000286102295,1.2799999713897705,1.2000000476837158,1.2400000095367432,1.2400000095367432,9482400,False,-0.004586522946951499,0.021447334253811443,-0.02603385720076294,54.22764138870589,1.2051999950408936,2.0953999978303908
2023-11-21,1.2400000095367432,1.2400000095367432,1.159999966621399,1.1799999475479126,1.1799999475479126,8746300,False,-0.004284012786197833,0.01739987553165209,-0.021683888317849922,49.4844000931133,1.2017999935150145,2.0816499972343445
2023-11-22,1.190000057220459,1.2300000190734863,1.1399999856948853,1.149999976158142,1.149999976158142,6500100,False,-0.006391342853324655,0.012234036371620214,-0.01862537922494487,47.25858520132364,1.199199993610382,2.068149997591972
2023-11-24,1.1699999570846558,1.190000057220459,1.149999976158142,1.1699999570846558,1.1699999570846558,3683900,False,-0.00637410903880653,0.009801016148910671,-0.0161751251877172,48.908504761814584,1.1969999933242799,2.0554499971866607
2023-11-27,1.159999966621399,1.159999966621399,1.1100000143051147,1.1100000143051147,1.1100000143051147,9317100,False,-0.011074287564958762,0.0040806700982067515,-0.015154957663165514,44.41911947422096,1.1943999934196472,2.0434999972581864
2023-11-28,1.1299999952316284,1.2300000190734863,1.090000033378601,1.2100000381469729,1.2100000381469729,11656000,False,-0.0066533510317967615,0.006801285305095002,-0.013454636336891763,52.28102079959866,1.1951999950408936,2.032399997115135
2023-11-29,1.2200000286102295,1.2999999523162842,1.2100000381469729,1.25,1.25,11362500,False,7.704749421910684e-05,0.010825347064888698,-0.01074829957066959,55.0216473942031,1.195999994277954,2.0213499969244
2023-11-30,1.25,1.2799999713897705,1.2000000476837158,1.2200000286102295,1.2200000286102295,9701700,False,0.002956113607506694,0.010963530542541029,-0.008007416935034335,52.582457836910294,1.1961999940872192,2.0099999970197677
2023-12-01,1.2300000190734863,1.3200000524520874,1.2000000476837158,1.3200000524520874,1.3200000524520874,12257400,False,0.013155314161056753,0.01693018487687287,-0.0037748707158161174,59.0924359452199,1.199399995803833,1.9973999977111816
2023-12-04,1.309999942779541,1.399999976158142,1.309999942779541,1.3899999856948853,1.3899999856948853,13050300,False,0.02658026295416316,0.024284106935983422,0.002296156018179738,62.92911642268462,1.2035999965667725,1.9860999971628188
2023-12-05,1.399999976158142,1.399999976158142,1.2699999809265137,1.2799999713897705,1.2799999713897705,9112100,False,0.028020546332352403,0.020579512251338132,0.007441034081014271,54.30916295282582,1.2045999956130982,1.9746499973535538
2023-12-06,1.2999999523162842,1.2999999523162842,1.190000057220459,1.2000000476837158,1.2000000476837158,14943500,False,0.022447890719540675,0.012005485310821122,0.010442405408719553,49.04718648045555,1.2033999967575073,1.9639499980211257
2023-12-07,1.2200000286102295,1.25,1.190000057220459,1.2400000095367432,1.2400000095367432,10739600,False,0.02101691372661607,0.008459606654317213,0.012557307072298858,51.573645495332386,1.2023999977111817,1.953299998641014
2023-12-08,1.2100000381469729,1.340000033378601,1.2100000381469729,1.2899999618530271,1.2899999618530271,10502900,False,0.023644869102385613,0.008870049624069403,0.01477481947831621,54.60375755933478,1.203199996948242,1.9427999979257584
2023-12-11,1.2999999523162842,1.3300000429153442,1.25,1.2999999523162842,1.2999999523162842,9555500,False,0.02623207133856309,0.009165801488197504,0.017066269850365585,55.20742482129145,1.2035999965667725,1.9332499974966049
2023-12-12,1.2999999523162842,1.2999999523162842,1.2000000476837158,1.2400000095367432,1.2400000095367432,13253000,False,0.023173820431917624,0.004886040465241631,0.018287779966675993,50.83913167534047,1.204399995803833,1.9229999977350234
2023-12-13,1.2200000286102295,1.399999976158142,1.2100000381469729,1.399999976158142,1.399999976158142,16310200,False,0.03327719588588929,0.011991532735370635,0.021285663150518653,59.94164179425167,1.2085999941825867,1.9132999980449676
2023-12-14,1.440000057220459,1.600000023841858,1.4199999570846558,1.559999942779541,1.559999942779541,24175500,False,0.053577248682749046,0.025833268425784314,0.027743980256964732,66.60135025801695,1.2149999928474426,1.9046999979019166
2023-12-15,1.5800000429153442,1.600000023841858,1.5,1.5399999618530271,1.5399999618530271,31945200,False,0.06727584144190302,0.03162548894795063,0.03565035249395239,65.14345201210709,1.2213999915122986,1.8959999978542328
2023-12-18,1.7100000381469729,1.7699999809265137,1.5199999809265137,1.5299999713897705,1.5299999713897705,37742800,False,0.07644396084369398,0.03263488667979327,0.04380907416390071,64.38455893332565,1.226999990940094,1.8862499976158142
2023-12-19,1.440000057220459,1.5299999713897705,1.3799999952316284,1.4600000381469729,1.4600000381469729,25619500,False,0.07717176386739566,0.02669015176279596,0.0504816121045997,59.18678599012691,1.2323999905586243,1.8764999973773957
2023-12-20,1.440000057220459,1.5800000429153442,1.4199999570846558,1.4500000476837158,1.4500000476837158,20529800,False,0.0760648095741685,0.02046655797565504,0.05559825159851346,58.46070301097537,1.2343999910354615,1.867099997997284
2023-12-21,1.5,1.559999942779541,1.4600000381469729,1.5499999523162842,1.5499999523162842,12998700,False,0.08230790262481746,0.0213677208210432,0.060940181803774265,63.308176849673046,1.2379999899864196,1.858349997997284
2023-12-22,1.5499999523162842,1.6799999475479126,1.5199999809265137,1.649999976158142,1.649999976158142,17559900,False,0.09423844292681482,0.026638608898432448,0.06759983402838238,67.40454164566292,1.245199990272522,1.8497999984025955
2023-12-26,1.6799999475479126,1.7699999809265137,1.6699999570846558,1.7599999904632568,1.7599999904632568,13628400,False,0.11128671988375305,0.034949508684296526,0.07633721119945652,71.21186827382401,1.2545999908447265,1.843099998831749
2023-12-27,1.7999999523162842,1.840000033378601,1.7599999904632568,1.7799999713897705,1.7799999713897705,16234500,False,0.1249708473753921,0.038906908940748455,0.08606393843464365,71.85555891607476,1.2647999906539917,1.8360999983549118
2023-12-28,1.7799999713897705,1.7999999523162842,1.649999976158142,1.6699999570846558,1.6699999570846558,16398000,False,0.12549293076614965,0.031543193865204794,0.09394973690094485,63.452108941903106,1.270199990272522,1.8287999975681304
2023-12-29,1.6699999570846558,1.690000057220459,1.5700000524520874,1.600000023841858,1.600000023841858,14201500,False,0.1188878113319487,0.019950459544803067,0.09893735178714563,58.743961595499044,1.2765999913215638,1.8215999978780746
2024-01-02,1.5800000429153442,1.659999966621399,1.5299999713897705,1.5399999618530271,1.5399999618530271,12212700,False,0.10757168362419867,0.00690746546964241,0.10066421815455626,54.97835875920947,1.2827999901771545,1.8138499981164933
2024-01-03,1.5099999904632568,1.5199999809265137,1.4500000476837158,1.4900000095367432,1.4900000095367432,12206100,False,0.09349128328521283,-0.005738347895474741,0.09922963118068757,51.98765052512837,1.2895999908447267,1.806649997830391
2024-01-04,1.4900000095367432,1.5399999618530271,1.4500000476837158,1.4800000190734863,1.4800000190734863,13610800,False,0.08059648283127196,-0.014906518679532493,0.09550300151080446,51.38559253651497,1.2971999907493592,1.799699998497963
2024-01-05,1.4700000286102295,1.5099999904632568,1.3899999856948853,1.399999976158142,1.399999976158142,11510900,False,0.06319347070082082,-0.025847624647986914,0.08904109534880773,46.72381303903105,1.301799991130829,1.7917999982833863
2024-01-08,1.3899999856948853,1.4299999475479126,1.340000033378601,1.399999976158142,1.399999976158142,8402300,False,0.04883847862481683,-0.032162093379192735,0.08100057200400956,46.72381303903106,1.3071999907493592,1.7846499985456468
2024-01-09,1.3799999952316284,1.399999976158142,1.340000033378601,1.340000033378601,1.340000033378601,7045100,False,0.03224880588057899,-0.03900141289874447,0.07125021877932346,43.30643681313573,1.3113999915122987,1.7770499992370605
2024-01-10,1.3300000429153442,1.350000023841858,1.2799999713897705,1.3200000524520874,1.3200000524520874,10166500,False,0.017288251196447835,-0.0431695740663005,0.06045782526274834,42.19850008489851,1.3169999933242797,1.7696999996900558
2024-01-11,1.309999942779541,1.309999942779541,1.2200000286102295,1.25,1.25,10243900,False,-0.00021404798184376794,-0.04853749859567369,0.04832345061382992,38.48715152206398,1.320999994277954,1.7625999993085861
2024-01-12,1.25,1.3300000429153442,1.2100000381469729,1.2100000381469729,1.2100000381469729,11073700,False,-0.017115116397762975,-0.05235085360927432,0.035235737211511346,36.51106858255288,1.3233999943733215,1.7555500000715256
2024-01-16,1.2000000476837158,1.2300000190734863,1.149999976158142,1.159999966621399,1.159999966621399,10048000,False,-0.03415025984933773,-0.05550879764867926,0.021358537799341534,34.15067501148072,1.325799994468689,1.7474000000953673
2024-01-17,1.1399999856948853,1.149999976158142,1.090000033378601,1.1100000143051147,1.1100000143051147,11568100,False,-0.05109630564603784,-0.057963874756303504,0.006867569110265658,31.927812069175737,1.324399995803833,1.739050000309944
2024-01-18,1.1299999952316284,1.159999966621399,1.100000023841858,1.1399999856948853,1.1399999856948853,12340400,False,-0.06139766796112256,-0.05461218965711057,-0.006785478304011986,34.675245105712,1.3221999955177308,1.7305000007152558
2024-01-19,1.159999966621399,1.1799999475479126,1.100000023841858,1.1699999570846558,1.1699999570846558,11595200,False,-0.06637568723716325,-0.04767216714652101,-0.018703520090642238,37.39632875074379,1.322799994945526,1.7225500005483627
2024-01-22,1.2000000476837158,1.2699999809265137,1.149999976158142,1.2000000476837158,1.2000000476837158,12469900,False,-0.06712625708100606,-0.038738189592291056,-0.028388067488715002,40.08410175012171,1.3239999961853028,1.7152000004053116
2024-01-23,1.25,1.309999942779541,1.2200000286102295,1.2799999713897705,1.2799999713897705,14237800,False,-0.06056757849115768,-0.025743608801954143,-0.03482396968920354,46.66057158002547,1.3267999958992005,1.7092500001192092
2024-01-24,1.2999999523162842,1.350000023841858,1.2000000476837158,1.2100000381469729,1.2100000381469729,13474200,False,-0.0603228240883813,-0.020399083519342207,-0.03992374056903909,42.28687103169821,1.3287999963760375,1.7033499997854233
2024-01-25,1.2200000286102295,1.25,1.1799999475479126,1.2100000381469729,1.2100000381469729,9200600,False,-0.059443625350156015,-0.015615907824893534,-0.04382771752526248,42.28687103169821,1.3323999977111816,1.6974499994516372
2024-01-26,1.2300000190734863,1.2699999809265137,1.2100000381469729,1.2200000286102295,1.2200000286102295,7099800,False,-0.057279654161028315,-0.010761549308612665,-0.04651810485241565,43.169447203244786,1.3357999992370606,1.6912999993562698
2024-01-29,1.2200000286102295,1.2799999713897705,1.190000057220459,1.2599999904632568,1.2599999904632568,8054300,False,-0.05174059539880904,-0.004177992437114711,-0.04756260296169433,46.68179696037758,1.3361999988555908,1.6860499995946885
2024-01-30,1.25,1.2799999713897705,1.2300000190734863,1.2400000095367432,1.2400000095367432,7140100,False,-0.0484066806544694,-0.0006752621542200493,-0.047731418500249354,45.178307056472704,1.3361999988555908,1.6806499999761582
2024-01-31,1.2100000381469729,1.3200000524520874,1.2000000476837158,1.2000000476837158,1.2000000476837158,20673700,False,-0.04843387625154505,-0.0005619662010365525,-0.0478719100505085,42.24761727544273,1.3357999992370606,1.6755500000715255
2024-02-01,1.25,1.3899999856948853,1.2400000095367432,1.309999942779541,1.309999942779541,27365100,False,-0.03912830993105065,0.006994880095566279,-0.04612319002661693,51.55461640756348,1.3375999975204467,1.6705000001192092
2024-02-02,1.2599999904632568,1.2899999618530271,1.2400000095367432,1.2699999809265137,1.2699999809265137,12701900,False,-0.03458259754935433,0.009232473981810083,-0.043815071531164415,48.494193148205504,1.338199996948242,1.6659999996423722
2024-02-05,1.2300000190734863,1.2300000190734863,1.149999976158142,1.1699999570846558,1.1699999570846558,15252200,False,-0.038604248182996015,0.004168658678534727,-0.04277290686153074,41.81172059754338,1.337999997138977,1.6611499989032745
2024-02-06,1.2200000286102295,1.25,1.1699999570846558,1.2300000190734863,1.2300000190734863,13332100,False,-0.036528849880523406,0.004995245584805866,-0.04152409546532927,46.569184756772124,1.339599997997284,1.656949999332428
2024-02-07,1.25,1.2899999618530271,1.2000000476837158,1.25,1.25,14403700,False,-0.03289110230603787,0.006906394527433128,-0.039797496833470995,48.0926461917454,1.3411999988555907,1.6529999995231628
2024-02-08,1.2300000190734863,1.2699999809265137,1.2100000381469729,1.25,1.25,11225600,False,-0.02966618779832375,0.0081050472281178,-0.03777123502644155,48.09264619174541,1.3439999985694886,1.6491499996185304
2024-02-09,1.25,1.3799999952316284,1.25,1.3700000047683716,1.3700000047683716,16499000,False,-0.017228819210491464,0.016433932652760073,-0.03366275186325154,56.68643444989187,1.3471999979019165,1.6466999995708465
2024-02-12,1.3700000047683716,1.5199999809265137,1.350000023841858,1.5,1.5,16113500,False,0.0030822676982875663,0.029396015649231284,-0.026313747950943718,63.69824450980048,1.3521999979019166,1.6451999998092652
2024-02-13,1.3799999952316284,1.4299999475479126,1.3200000524520874,1.350000023841858,1.350000023841858,13298400,False,0.006994576805674946,0.02664665980529493,-0.019652082999619985,53.030666457442436,1.354799997806549,1.6425
2024-02-14,1.3899999856948853,1.4299999475479126,1.340000033378601,1.409999966621399,1.409999966621399,10800600,False,0.014766386193526992,0.027534775354517586,-0.012768389160990592,56.191089013199175,1.3565999960899353,1.6401499998569489
2024-02-15,1.409999966621399,1.440000057220459,1.3600000143051147,1.399999976158142,1.399999976158142,8378900,False,0.01988941270040434,0.026126241489115947,-0.006236828788711605,55.52055931121339,1.3567999958992005,1.6369499999284745
2024-02-16,1.3799999952316284,1.409999966621399,1.350000023841858,1.3799999952316284,1.3799999952316284,9693100,False,0.022081079858943697,0.022654326918124242,-0.0005732470591805448,54.129332552460006,1.3587999963760375,1.6333000004291534
2024-02-20,1.340000033378601,1.3700000047683716,1.2799999713897705,1.2999999523162842,1.2999999523162842,9756500,False,0.01716479196017695,0.014190431215485997,0.0029743607446909544,48.8557571522024,1.360799994468689,1.6287000000476837
2024-02-21,1.2899999618530271,1.2899999618530271,1.2400000095367432,1.2599999904632568,1.2599999904632568,8725500,False,0.00992650913428994,0.005561718711679188,0.004364790422610752,46.42054520757028,1.3611999940872193,1.6237999999523163
2024-02-22,1.2899999618530271,1.2899999618530271,1.1699999570846558,1.1799999475479126,1.1799999475479126,12137000,False,-0.002239402590170636,-0.005283354410225111,0.003043951820054475,41.92007029161982,1.358999993801117,1.617399999499321
2024-02-23,1.2100000381469729,1.2100000381469729,1.1299999952316284,1.1399999856948853,1.1399999856948853,12927400,False,-0.014936459700571447,-0.014384329216500737,-0.0005521304840707098,39.840257313999174,1.355799994468689,1.6111499989032745
2024-02-26,1.1399999856948853,1.1799999475479126,1.1100000143051147,1.1399999856948853,1.1399999856948853,11215600,False,-0.024714080403015926,-0.01932955993515617,-0.005384520467859754,39.84025731399918,1.353799993991852,1.6051499992609024
2024-02-27,1.1799999475479126,1.25,1.149999976158142,1.2400000095367432,1.2400000095367432,14722300,False,-0.024115757622355405,-0.01498498972359652,-0.009130767898758885,47.40595141793991,1.3505999946594238,1.5999499994516373
2024-02-28,1.2300000190734863,1.2799999713897705,1.2000000476837158,1.2200000286102295,1.2200000286102295,11055500,False,-0.024967602838228187,-0.01266946795157544,-0.012298134886652747,46.155742167810935,1.3437999963760376,1.5949999994039536
2024-02-29,1.2300000190734863,1.2999999523162842,1.1799999475479126,1.190000057220459,1.190000057220459,13595400,False,-0.02774363196052332,-0.012356397659096456,-0.015387234301426862,44.2697792905292,1.3367999982833862,1.5897999995946883
2024-03-01,1.2100000381469729,1.2799999713897705,1.159999966621399,1.2400000095367432,1.2400000095367432,11991000,False,-0.025613816621301577,-0.008181265855899771,-0.017432550765401806,48.077756037312085,1.3309999990463257,1.5839499992132187
2024-03-04,1.25,1.2699999809265137,1.2000000476837158,1.2400000095367432,1.2400000095367432,8959500,False,-0.02365326253363431,-0.0049765694145860045,-0.018676693119048307,48.077756037312085,1.326599998474121,1.5789499992132188
2024-03-05,1.2200000286102295,1.2300000190734863,1.1699999570846558,1.1799999475479126,1.1799999475479126,11291300,False,-0.026633992765668912,-0.006365839717296484,-0.020268153048372428,43.90284114483072,1.321199996471405,1.5730499994754792
2024-03-06,1.2000000476837158,1.25,1.149999976158142,1.2200000286102295,1.2200000286102295,17800600,False,-0.02547491177707073,-0.004165406982958638,-0.021309504794112092,47.194939755171916,1.314599997997284,1.567699999809265
2024-03-07,1.2000000476837158,1.2300000190734863,1.100000023841858,1.1100000143051147,1.1100000143051147,23879300,False,-0.03305141742257045,-0.009393530102766685,-0.023657887319803766,40.20698573570734,1.3037999987602233,1.5626500004529953
2024-03-08,1.1299999952316284,1.1699999570846558,1.1100000143051147,1.1399999856948853,1.1399999856948853,11243718,False,-0.036217611678720285,-0.010047779487133215,-0.02616983219158707,42.69888486724066,1.2913999986648559,1.556600000858307
