Date,Open,High,Low,Close,Adj Close,Volume,Repaired?,OBV,ADI,ADX,ADX_DI+,ADX_DI-,AROON_DOWN,AROON_INDICATOR,AROON_UP,MACD,MACD_HISTOGRAM,MACD_SIGNAL,STOCH,STOCH_SIGNAL,RSI
2022-10-07,20.8799991607666,20.90999984741211,19.15999984741211,19.5,19.158584594726562,250972600,False,250972600.0,-153451774.51956615,,,,,,,,,,,,
2022-10-10,19.520000457763672,19.610000610351562,18.299999237060547,18.889999389648438,18.55926513671875,206499800,False,44472800.0,-173944267.97256243,,,,,,,,,,,,
2022-10-11,18.520000457763672,19.139999389648438,17.739999771118164,18.139999389648438,17.822397232055664,264873500,False,-220400700.0,-287461585.3615922,,,,,,,,,,,,
2022-10-12,18.229999542236328,18.639999389648438,17.93000030517578,18.100000381469727,17.783098220825195,200741900,False,-421142600.0,-392073394.3186204,,,,,,,,,,,,
2022-10-13,16.520000457763672,19.6200008392334,16.31999969482422,19.309999465942383,18.971914291381836,414753600,False,-6389000.0,-55243516.13018483,,,,,,,,,,,,
2022-10-14,19.850000381469727,19.979999542236328,17.459999084472656,17.56999969482422,17.26237678527832,335066300,False,-341455300.0,-361057839.2944756,,,,,,,,,,,,
2022-10-17,18.809999465942383,19.5,18.799999237060547,19.299999237060547,18.962087631225586,230025400,False,-111429900.0,-262475883.16235644,,,,,,,,,,,,
2022-10-18,20.8700008392334,21.0,19.170000076293945,19.780000686645508,19.433683395385742,346276900,False,234847000.0,-377901275.8870197,,,,,,,,,,,,
2022-10-19,19.40999984741211,20.239999771118164,19.010000228881836,19.540000915527344,19.197885513305664,259851100,False,-25004100.0,-413815282.09722507,,,,,,,,,,,,
2022-10-20,19.329999923706055,20.469999313354492,18.959999084472656,19.209999084472656,18.873661041259766,264851500,False,-289855600.0,-590967623.2050029,,,,,,,,,,,,
2022-10-21,18.979999542236328,20.690000534057617,18.729999542236328,20.56999969482422,20.209854125976562,313729000,False,23873400.0,-315654668.34880817,,,,,,,,,,,,
2022-10-24,20.6299991607666,21.469999313354492,19.799999237060547,21.270000457763672,20.89759635925293,274622000,False,298495400.0,-106810013.51150957,,,,,,,,,,,,
2022-10-25,21.479999542236328,22.639999389648438,21.469999313354492,22.549999237060547,22.15518569946289,238399800,False,536895200.0,94912834.38967347,,,,,,,,,,,,
2022-10-26,21.18000030517578,22.5,20.93000030517578,21.059999465942383,20.69127082824707,279465900,False,257429300.0,-138272378.31764442,,,,,,,,,,,,
2022-10-27,20.790000915527344,21.1200008392334,19.770000457763672,19.899999618530273,19.55158042907715,256629400,False,799900.0,-345477189.8716527,,19.03983888685511,21.63284208255125,28.57142857142857,57.14285714285715,85.71428571428572,,,,,,50.658908339727844
2022-10-28,19.75,21.809999465942383,19.709999084472656,21.700000762939453,21.320068359375,255388600,False,256188500.0,-116843265.7370666,,20.842544275869265,18.810450500145198,21.42857142857143,57.14285714285714,78.57142857142857,,,,72.25739147930184,,59.50733700533015
2022-10-31,21.18000030517578,21.3700008392334,20.489999771118164,20.950000762939453,20.58319854736328,209561100,False,46627400.0,-107317554.73211183,,19.2815654396266,17.401663034360034,14.28571428571429,57.14285714285714,71.42857142857143,,,,71.67722951561792,,55.075450559295895
2022-11-01,21.739999771118164,21.8700008392334,20.209999084472656,20.299999237060547,19.944578170776367,215232400,False,-168605000.0,-299211486.8222994,,20.361409201830444,15.667990438930957,7.14285714285714,57.14285714285714,64.28571428571428,,,,73.78693224686886,72.57385108059621,51.49589956422607
2022-11-02,20.280000686645508,20.979999542236328,18.18000030517578,18.200000762939453,17.881345748901367,331476300,False,-500081300.0,-625952301.4335476,,17.241235556994223,24.3768996439397,0.0,57.14285714285714,57.14285714285714,,,,50.173313099315976,65.21249162060091,41.99869883397729
2022-11-03,17.649999618530273,17.950000762939453,17.040000915527344,17.149999618530273,16.8497314453125,212231800,False,-712313100.0,-786875910.992929,,16.13791179380079,29.10593644987625,100.0,-50.0,50.0,,,,26.408229425947553,50.12282492404413,38.20471553254249
2022-11-04,18.1299991607666,18.350000381469727,16.850000381469727,17.950000762939453,17.635723114013672,382370200,False,-329942900.0,-608436289.8427215,,16.99941059427467,26.724383245623333,100.0,-57.14285714285714,42.85714285714286,,,,11.749430554283732,29.44365769318242,42.46900779858295
2022-11-07,18.15999984741211,18.639999389648438,17.709999084472656,18.520000457763672,18.195743560791016,200943400,False,-128999500.0,-459348772.545331,,17.734144661501816,25.339983367888514,92.85714285714286,-57.14285714285715,35.71428571428571,,,,16.60179484804897,18.25315160942675,45.36204970085539
2022-11-08,18.850000381469727,19.6200008392334,18.09000015258789,18.920000076293945,18.5887393951416,296056300,False,167056800.0,-434193835.76942194,,21.62785628807266,23.209793316055922,85.71428571428572,-57.14285714285715,28.57142857142857,,,,27.864139215171473,18.738454872501393,47.36245556167169
2022-11-09,18.530000686645508,18.700000762939453,17.530000686645508,17.600000381469727,17.291851043701172,215569100,False,-48512300.0,-623968456.7445498,,19.984215891297044,24.507657402538374,78.57142857142857,-57.14285714285714,21.42857142857143,,,,25.849168337655886,23.438367466958777,41.909464695679375
2022-11-10,20.149999618530273,21.540000915527344,19.700000762939453,21.450000762939453,21.074445724487305,328442400,False,279930100.0,-327656343.3369266,,29.794170389497072,19.892823147269397,71.42857142857143,-57.14285714285714,14.28571428571429,,,,42.717336484357276,32.14354801239488,57.33770511251616
2022-11-11,21.43000030517578,22.829999923706055,21.1200008392334,22.670000076293945,22.273082733154297,307134200,False,587064300.0,-77997525.14415711,,33.48643444827279,18.283654393328284,64.28571428571428,35.71428571428572,100.0,0.2020066898048789,,,63.24171010846796,43.936071643493705,60.883057574924095
2022-11-14,22.170000076293945,22.959999084472656,21.81999969482422,22.06999969482422,21.6835880279541,214225900,False,372838400.0,-198264646.76881748,,32.27433134105687,17.28009142010288,57.14285714285714,42.85714285714286,100.0,0.36643167059217063,,,87.40182744971473,64.45362468084666,58.3163173417066
2022-11-15,23.649999618530273,23.950000762939453,22.18000030517578,22.959999084472656,22.558006286621094,318265700,False,691104100.0,-236025495.5941281,19.73479073118831,34.0850040393257,15.745231205241367,50.0,50.0,100.0,0.5620759040516958,,,89.60481810592991,80.08278522137087,60.94640002889851
2022-11-16,22.5,22.579999923706055,21.81999969482422,22.030000686645508,21.644289016723633,191679400,False,499424700.0,-321776337.72794867,21.035592290054446,32.21634418392707,16.61329510111346,42.85714285714286,50.0,92.85714285714286,0.634765093356549,,,81.48259470416251,86.16308008660239,56.90587673103105
2022-11-17,20.950000762939453,22.209999084472656,20.90999984741211,21.860000610351562,21.47726821899414,213462200,False,285962500.0,-223254888.69556186,20.963971268777534,30.184133277914125,19.980936784635574,35.71428571428571,50.000000000000014,85.71428571428572,0.6709202630123237,,,76.52581390277986,82.5377422376241,56.172770349799144
2022-11-18,22.559999465942383,22.579999923706055,21.280000686645508,21.84000015258789,21.45761489868164,194788500,False,91174000.0,-250225665.63540992,21.196478094868944,30.07456216450018,18.70992589344178,28.57142857142857,50.0,78.57142857142857,0.690005669809775,,,71.26760323747789,76.42533728147343,56.081232031434894
2022-11-21,21.520000457763672,21.799999237060547,20.969999313354492,21.18000030517578,20.809171676635742,144111300,False,-52937300.0,-321412824.15470976,21.01263886484049,28.756224821353133,19.45172912681136,21.42857142857143,50.0,71.42857142857143,0.6444457508995818,,,67.2769913323098,71.69013615752253,53.01126415994611
2022-11-22,21.329999923706055,22.100000381469727,20.829999923706055,22.06999969482422,21.6835880279541,146238600,False,93301300.0,-182083290.03300595,21.100021085014617,28.425232378266198,18.197686473520815,14.28571428571429,49.999999999999986,64.28571428571428,0.6724036489230976,,,68.26290247404596,68.93583234794455,56.47160955404921
2022-11-23,22.049999237060547,22.8700008392334,22.010000228881836,22.729999542236328,22.33203125,178783500,False,272084800.0,-61508869.37643492,21.774809301161778,31.169273492557043,17.380545364048924,7.14285714285714,50.0,57.14285714285714,0.7392948258128804,0.1634782128947746,0.5758166129181058,72.44130313991656,69.32706564875745,58.88939819505317
2022-11-25,22.34000015258789,22.5,22.149999618530273,22.260000228881836,21.870264053344727,67376500,False,204708300.0,-86534237.68777928,22.37463987418993,30.184846060452518,16.831610989771878,0.0,50.0,50.0,0.7457846080565105,0.1359743961107237,0.6098102119457868,76.67133424441572,72.45851328612609,56.483350423335985
2022-11-28,21.799999237060547,22.270000457763672,21.059999465942383,21.280000686645508,20.907421112060547,131382600,False,73325700.0,-170141120.85031837,21.54493818348391,28.18490981910272,21.6849494544512,14.28571428571429,28.57142857142857,42.85714285714286,0.6641936237321637,0.0435067294291015,0.6206868943030622,71.63470128434116,73.58244622289114,51.736780707654624
2022-11-29,21.31999969482422,21.420000076293945,20.469999313354492,20.770000457763672,20.40635108947754,137902700,False,-64577000.0,-220947116.44535044,20.1582748030007,26.689727228877775,23.82920675986436,7.14285714285714,28.57142857142857,35.71428571428571,0.5520161263167331,-0.054936614389063276,0.6069527407057964,60.85150142303457,69.71917898393049,49.40975441171352
2022-11-30,20.850000381469727,23.649999618530273,20.649999618530273,23.559999465942383,23.14750099182129,272734900,False,208157900.0,35423661.810620815,20.613182740784897,33.97140289897111,20.187236202628114,0.0,28.57142857142857,28.57142857142857,0.6804010150189974,0.05875861945056071,0.6216423955684367,66.56733290268556,66.3511785366871,60.00721671662606
2022-12-01,23.700000762939453,24.170000076293945,23.010000228881836,23.690000534057617,23.275226593017578,205503600,False,413661500.0,70855456.80481656,21.33906899067265,34.62098110826201,18.979340795735844,0.0,100.0,100.0,0.7836040641365791,0.12956933485451394,0.6540347292820652,76.10594217432418,67.84159216668145,60.423226015732716
2022-12-02,22.450000762939453,23.6299991607666,22.389999389648438,23.40999984741211,23.0001277923584,181655000,False,232006500.0,188052420.28215986,21.342708382912733,32.289237772243204,20.91317743778586,78.57142857142857,14.285714285714292,92.85714285714286,0.833194955944883,0.14332818133025427,0.6898667746146288,85.7699994923825,76.14775818979741,58.99969147746964
2022-12-05,22.8799991607666,23.200000762939453,21.860000610351562,22.229999542236328,21.840787887573242,150990000,False,81016500.0,120444707.3921854,20.818102029090863,29.719137826296652,21.970239290652792,71.42857142857143,14.285714285714292,85.71428571428572,0.7684220410690514,0.06284421316353805,0.7055778279055134,71.35135450936646,77.74243205869105,53.300620432956535
2022-12-06,22.18000030517578,22.209999084472656,20.5,20.81999969482422,20.455474853515625,169900500,False,-88884000.0,14132672.022561118,19.149007978138478,27.124083362498784,26.916225960899762,64.28571428571428,14.285714285714292,78.57142857142857,0.5964384641953515,-0.08731149096812962,0.6837499551634811,45.49549642432347,67.53895014202415,47.40776917353298
2022-12-07,20.559999465942383,21.030000686645508,20.18000030517578,20.56999969482422,20.209854125976562,173667900,False,-262551900.0,-169711.25987220928,17.82271629094954,25.926219982043015,27.390122472376067,100.0,-28.57142857142857,71.42857142857143,0.43495345708124944,-0.19903719846578538,0.6339906555470348,22.267151039314076,46.37133399100134,46.427657386373895
2022-12-08,20.8700008392334,21.5,20.389999389648438,21.299999237060547,20.92707061767578,188920100,False,-73631800.0,120670851.15747607,16.562035206986675,26.886153219104177,25.78847594955038,92.85714285714286,-28.571428571428584,64.28571428571428,0.361710711776162,-0.21782395501669827,0.5795346667928603,15.768013150602428,27.843553538080002,49.697896450349894
2022-12-09,21.049999237060547,21.690000534057617,20.770000457763672,20.889999389648438,20.524248123168945,177003900,False,-250635700.0,-10158533.23813288,15.568233600076963,26.576918983631412,24.509236587120146,85.71428571428572,-28.571428571428584,57.14285714285714,0.26749819458657953,-0.24962917776502458,0.5171273723516041,18.54634530788226,18.86050316593293,47.92829040567274
2022-12-12,20.90999984741211,21.65999984741211,20.670000076293945,21.649999618530273,21.27094268798828,112827500,False,-137808200.0,100389570.6305105,14.568472434143064,25.132183707309764,23.72600004854024,78.57142857142857,-28.57142857142857,50.0,0.2512633552794874,-0.2126912136576934,0.4639545689371808,27.568901579052113,20.62775334584561,51.38396495149808
2022-12-13,24.18000030517578,24.229999542236328,21.719999313354492,22.329999923706055,21.939035415649414,347692800,False,209884600.0,-78304981.66070132,15.45628211841389,34.9910881704428,20.585402483533187,71.42857142857143,28.57142857142857,100.0,0.28992539036311626,-0.13922334285925164,0.4291487332223679,35.90765826421981,27.340968383718074,54.30590401851879
2022-12-14,22.209999084472656,22.989999771118164,21.079999923706055,21.799999237060547,21.418315887451172,289455500,False,-79570900.0,-149532441.97885907,15.684005517013592,31.650891542763258,21.818957409754688,64.28571428571428,28.571428571428584,92.85714285714286,0.27463290848411503,-0.12361265979060232,0.39824556827471735,43.30949722129801,35.59535235485666,51.6978527072951
2022-12-15,20.860000610351562,21.030000686645508,19.350000381469727,19.639999389648438,19.296133041381836,214026600,False,-293597500.0,-289669172.39652294,14.537244484372918,27.96346932068592,27.503520988514413,100.0,-14.285714285714278,85.71428571428572,0.08721421937243434,-0.24882507912182644,0.3360392984942608,33.009668381692826,37.40894128907023,42.69794546138732
2022-12-16,19.479999542236328,19.809999465942383,18.709999084472656,19.059999465942383,18.726285934448242,175642100,False,-469239600.0,-353538943.8814974,13.78956837332143,26.47225685150722,29.13951273625439,100.0,-21.42857142857143,78.57142857142857,-0.10688547933688852,-0.35433982226491945,0.24745434292803095,17.427723635195612,31.24896307939549,40.65149628401374
2022-12-19,19.100000381469727,19.1299991607666,17.979999542236328,18.270000457763672,17.950122833251953,155266500,False,-624506100.0,-430496848.9477487,13.569128778415624,24.972893524484135,31.08442554909935,100.0,-28.57142857142857,71.42857142857143,-0.32075968861529347,-0.45457122523465954,0.13381153661936607,5.641068130679692,18.692820049189386,37.98127750061583
2022-12-20,18.0,18.559999465942383,17.670000076293945,18.190000534057617,17.871524810791016,172881200,False,-797387300.0,-401359251.6669011,13.559407519700546,23.84717564827841,31.25333123712289,100.0,-35.71428571428572,64.28571428571428,-0.491051331523753,-0.4998902945144953,0.008838962990742258,6.302479211727801,9.790423659201045,37.71113826761605
2022-12-21,18.40999984741211,19.25,18.229999542236328,18.979999542236328,18.647689819335938,163187300,False,-634200000.0,-324565335.8381585,13.001904635281786,26.101650680004898,29.54509954180322,92.85714285714286,-35.71428571428572,57.14285714285714,-0.5558548194004693,-0.45175502591296923,-0.10409979348750006,10.845452406636674,7.596333249681398,42.09123830130291
2022-12-22,18.229999542236328,18.25,16.579999923706055,17.540000915527344,17.322343826293945,230450200,False,-864650200.0,-290066541.27718556,13.487602101360153,23.032103743668387,34.1555844616867,100.0,-50.0,50.0,-0.7151639403017427,-0.4888513174513941,-0.22631262285034862,13.48179192335381,10.209907847239437,36.985843028927405
2022-12-23,17.209999084472656,17.719999313354492,16.829999923706055,17.59000015258789,17.371721267700195,165067300,False,-699582900.0,-173220870.9088313,13.934981054234306,21.998935176468052,32.62344147323425,92.85714285714286,-50.0,42.85714285714286,-0.8278402190736749,-0.481222076978661,-0.3466181420950139,15.24038563589591,13.189209988628809,37.27035235065868
2022-12-27,17.459999084472656,17.479999542236328,16.719999313354492,16.84000015258789,16.63102912902832,131600300,False,-831183200.0,-263262903.31040838,14.412421966998709,21.00692809629478,31.722488358389153,85.71428571428572,-50.000000000000014,35.71428571428571,-0.9665143381220709,-0.49591695682164555,-0.47059738130042533,9.71678239993338,12.812986653061044,34.73679529815705
2022-12-28,16.75,17.200000762939453,16.100000381469727,16.15999984741211,15.959466934204102,182434600,False,-1013617800.0,-425795730.995044,15.218338312850557,19.79170986807218,33.14793382716974,100.0,-71.42857142857143,28.57142857142857,-1.1183927823691953,-0.5182363208550159,-0.6001564615141793,5.779771629497361,10.245646555108893,32.57467521025442
2022-12-29,16.670000076293945,17.5,16.530000686645508,17.299999237060547,17.0853214263916,153054900,False,-860562900.0,-335856539.1201583,15.672673471746872,19.97484578905008,30.809760288926633,92.85714285714286,-71.42857142857143,21.42857142857143,-1.1337005263245459,-0.4268352518482932,-0.7068652744762527,6.298943969292612,7.265165999574461,39.3861637227032
2022-12-30,16.760000228881836,17.299999237060547,16.5,17.299999237060547,17.0853214263916,150970600,False,-860562900.0,-184885939.1201583,16.11151361482254,19.108261402126637,29.635809383414575,85.71428571428572,-71.42857142857143,14.28571428571429,-1.1327741088955499,-0.3407270675354377,-0.7920470413601122,10.086090328255596,7.388268642348533,39.3861637227032
2023-01-03,17.739999771118164,18.040000915527344,16.469999313354492,16.90999984741211,16.70016098022461,179925900,False,-1040488800.0,-263961633.64109236,15.785229352260146,21.462104288471966,27.1467226131232,78.57142857142857,-71.42857142857143,7.14285714285714,-1.1502502390425597,-0.2865625581459581,-0.8636876808966016,13.161121395988532,9.848718564512255,37.868331303308736
2023-01-04,17.329999923706055,17.489999771118164,16.540000915527344,17.170000076293945,16.95693588256836,217636400,False,-822852400.0,-192943476.7532466,15.483784863207436,20.348421181825618,25.73806081702482,71.42857142857143,-71.42857142857143,0.0,-1.1300933399700952,-0.21312452725879483,-0.9169688127113004,13.41765978375777,12.22162383600064,39.54109616834424
2023-01-05,16.809999465942383,16.850000381469727,16.280000686645508,16.360000610351562,16.156986236572266,181252000,False,-1004104400.0,-323317743.64834905,15.413728858176079,19.336119490756037,25.910959843617995,64.28571428571428,-64.28571428571428,0.0,-1.1660376831084989,-0.19925509631775873,-0.9667825867907401,10.255560763367853,12.27811398103806,36.265355553053354
2023-01-06,16.649999618530273,17.899999618530273,16.100000381469727,17.639999389648438,17.421100616455078,233447600,False,-770656800.0,-157310649.3799341,14.318962632383741,23.148544188804166,23.377865341205933,100.0,-100.0,0.0,-1.0788028620552623,-0.08961622021161764,-0.9891866418436447,20.77100189051954,14.814740812548399,44.14064021534844
2023-01-09,18.079999923706055,18.959999084472656,17.889999389648438,18.010000228881836,17.786510467529297,186021400,False,-584635400.0,-301607319.50692433,14.099625103871125,27.244971577177502,21.70230544976268,92.85714285714286,-92.85714285714286,0.0,-0.9686467061111124,0.016431948586025924,-0.9850786546971383,35.80605953111624,22.277540728334554,46.209697510534646
2023-01-10,17.81999969482422,18.489999771118164,17.700000762939453,18.489999771118164,18.260555267333984,164361500,False,-420273900.0,-137245819.50692433,13.716109020683378,26.041969630983232,21.805989525918736,85.71428571428572,-71.42857142857143,14.28571428571429,-0.8330127548526995,0.12165271987555104,-0.9546654747282506,59.33911543029538,38.63872561731039,48.85631615379431
2023-01-11,18.68000030517578,19.43000030517578,18.520000457763672,19.40999984741211,19.169137954711914,151275000,False,-268998900.0,7379576.634781212,14.064591951268998,30.002460209761423,20.638267567296687,78.57142857142857,21.42857142857143,100.0,-0.6438634963008347,0.24864158274193282,-0.8925050790427675,78.63577148597777,57.9269821491298,53.57155052851222
2023-01-12,19.520000457763672,19.920000076293945,18.59000015258789,19.709999084472656,19.465412139892578,280926300,False,11927400.0,199591884.134247,14.719944317852502,30.518447679973058,19.081299202406722,71.42857142857143,28.57142857142857,100.0,-0.4644005939513711,0.3424835880731172,-0.8068841820244883,89.92499424068312,75.96662705231877,55.02759409538783
2023-01-13,19.170000076293945,20.170000076293945,19.100000381469727,20.100000381469727,19.850576400756836,159783000,False,171710400.0,338468782.39945054,15.493889789783273,30.079540786851826,17.910630151672926,64.28571428571428,35.71428571428572,100.0,-0.28739222689203814,0.41559356410596016,-0.7029857909979983,97.39402756208422,88.65159776291505,56.91909098956233
2023-01-17,20.059999465942383,20.510000228881836,19.809999465942383,20.209999084472656,19.959209442138672,139757900,False,311468300.0,358433870.27690077,16.437899761077013,30.845716981432027,17.168536011740922,57.14285714285714,42.85714285714286,100.0,-0.13666050742489944,0.45306022685847913,-0.5897207342833786,95.32664992437866,94.21522390904867,57.46251338512801
2023-01-18,20.579999923706055,20.90999984741211,19.389999389648438,19.459999084472656,19.218515396118164,186650100,False,124818200.0,188975146.72968513,16.819771685260484,28.121072142277587,18.092750772456643,50.0,50.0,100.0,-0.07683753054978837,0.4103065629868722,-0.48714409353666055,87.11060300701358,93.27709349782549,52.59142515156329
2023-01-19,19.06999969482422,19.309999465942383,18.579999923706055,18.850000381469727,18.6160888671875,166370700,False,-41552500.0,145673469.5426342,16.30149235677864,26.653201978552634,21.95295235421094,42.85714285714286,50.0,92.85714285714286,-0.0777529006957387,0.32751295427273747,-0.40526585496847617,73.40808896406436,85.28178063181888,48.956433001640896
2023-01-20,19.18000030517578,20.450000762939453,18.959999084472656,20.389999389648438,20.13697624206543,161325200,False,119772700.0,294005753.2441665,16.673586018631944,30.788622097519482,19.917278170676813,35.71428571428571,50.000000000000014,85.71428571428572,0.04526492563374873,0.36042462448178,-0.31515969884803124,72.07206421275598,77.53025206127798,57.03101181193331
2023-01-23,20.549999237060547,22.0,20.3799991607666,21.729999542236328,21.46034812927246,194042100,False,313814800.0,423367077.09072155,17.928954470102877,36.747220360919705,18.088359659773143,28.57142857142857,71.42857142857143,100.0,0.24802517295721316,0.45054789744419554,-0.20252272448698236,80.59515425045863,75.358435809093,62.57819694880399
2023-01-24,21.360000610351562,21.8700008392334,21.239999771118164,21.600000381469727,21.331960678100586,145006500,False,168808300.0,444082291.3764358,19.09244522067703,35.38636777431029,17.418496992916786,21.42857142857143,71.42857142857143,92.85714285714286,0.3936861154662097,0.4769670719625536,-0.08328095649634396,92.6110814137348,81.75943329231647,61.74539356563835
2023-01-25,20.559999465942383,21.59000015258789,19.979999542236328,21.440000534057617,21.173946380615234,218083600,False,-49275300.0,621529314.4740636,18.9008012309117,32.09495742436039,23.03272325772575,14.28571428571429,71.42857142857143,85.71428571428572,0.4905579644706819,0.45907113677362066,0.03148682769706122,93.05084959455907,88.75236175291751,60.67512246261768
2023-01-26,22.219999313354492,22.719999313354492,21.600000381469727,22.68000030517578,22.3985595703125,203418900,False,154143600.0,810418639.4661448,19.401382833470553,36.215701529147246,21.343486919713623,7.14285714285714,92.85714285714286,100.0,0.6597816687716964,0.5026358728597081,0.15714579591198827,94.37487110072117,93.34560070300502,65.64520216893347
2023-01-27,22.360000610351562,23.81999969482422,22.329999923706055,23.329999923706055,23.04049301147461,188411100,False,342554700.0,874908383.6838694,20.42957602111587,39.38241658476581,19.54638425774489,0.0,100.0,100.0,0.836697285086629,0.5436411913397126,0.29305609374691644,93.96591156222871,93.79721075250298,67.93306314955151
2023-01-30,22.549999237060547,22.899999618530273,21.850000381469727,21.93000030517578,21.657865524291992,173908000,False,168646700.0,727500644.3332403,20.92811826947075,36.128423751542655,20.611099022384202,7.14285714285714,85.71428571428572,92.85714285714286,0.8540904931419284,0.4488275195160095,0.4052629736259189,86.83563443810253,91.72547236701747,58.843550424182
2023-01-31,21.940000534057617,22.920000076293945,21.899999618530273,22.90999984741211,22.62570571899414,158256900,False,326903600.0,882654398.2315226,21.40151121970641,34.154166631896075,19.4201574748204,0.0,85.71428571428572,85.71428571428572,0.9361610271170235,0.42471844279288373,0.5114425843241398,81.31376904116837,87.37177168049988,62.614456709338675
2023-02-01,22.860000610351562,24.950000762939453,22.360000610351562,24.389999389648438,24.08734130859375,271638800,False,598542400.0,1036827490.0637996,22.820210440958427,40.18841154768943,16.770343631588844,0.0,100.0,100.0,1.107855442835831,0.4771302868093529,0.630725156026478,81.05220384565838,83.0672024416431,67.46294615363772
2023-02-02,25.959999084472656,27.450000762939453,25.75,26.90999984741211,26.576066970825195,267885100,False,866427500.0,1134526549.6693153,24.980562828477623,46.32897595190199,14.289564375150112,28.57142857142857,71.42857142857143,100.0,1.4307744040002461,0.6400393983790145,0.7907350056212317,89.31700442783163,83.89432577155281,73.71397376455366
2023-02-03,25.209999084472656,27.139999389648438,25.110000610351562,25.520000457763672,25.203319549560547,267404200,False,599023300.0,975137864.0779805,26.411959779086796,41.900777454862016,15.937154252335919,21.42857142857143,71.42857142857143,92.85714285714286,1.5565853264904383,0.6126802566953653,0.943905069795073,87.78736183273456,86.05219003540822,66.16324825092065
2023-02-06,24.850000381469727,25.450000762939453,24.520000457763672,24.8700008392334,24.561384201049805,161816200,False,437207100.0,935118896.6439993,27.227755941477582,39.87867123443619,18.015341923299474,14.28571428571429,71.42857142857143,85.71428571428572,1.5855644520174863,0.5133275057779305,1.0722369462395558,81.02216961065649,86.0421786237409,62.9176516535508
2023-02-07,24.829999923706055,26.690000534057617,24.540000915527344,26.40999984741211,26.082273483276367,259894600,False,697101700.0,1127319841.4188833,28.432377016517748,41.66729218653968,16.20464984613579,7.14285714285714,71.42857142857143,78.57142857142857,1.71304870825929,0.5126494096157872,1.2003992986435028,79.1431769286099,82.65090279066699,67.04263521823735
2023-02-08,26.049999237060547,26.299999237060547,24.809999465942383,24.989999771118164,24.679895401000977,181257200,False,515844500.0,989856408.3009055,29.550022001988506,38.56116903640427,14.996660668399382,0.0,71.42857142857143,71.42857142857143,1.6801312538354374,0.3837855641535475,1.29634568968189,76.7376661709867,78.9676709034177,60.37371525469855
2023-02-09,26.049999237060547,26.09000015258789,23.93000030517578,24.31999969482422,24.01820945739746,197598400,False,318246100.0,863612879.4485466,29.799862651915188,34.79062559960237,17.513934883165287,0.0,64.28571428571428,64.28571428571428,1.5817471309917543,0.22832115304789147,1.3534259779438629,72.46628661257311,76.11570990405659,57.46896389388026
2023-02-10,23.760000228881836,24.260000228881836,23.219999313354492,23.81999969482422,23.524412155151367,183931700,False,134314400.0,891910012.1672497,29.439248510179926,33.019892094429295,19.90769487607715,14.28571428571429,42.85714285714285,57.14285714285714,1.4467539050487943,0.07466234168394514,1.3720915633648492,60.17646687584661,69.79347321980215,55.329534711805756
2023-02-13,24.139999389648438,25.100000381469727,23.850000381469727,24.950000762939453,24.640390396118164,139869900,False,274184300.0,998211221.5370617,29.500049202106446,34.97479871730977,18.714087038217155,7.14285714285714,42.85714285714286,50.0,1.4146452929482756,0.03404298366674108,1.3806023092815345,58.6791583087191,63.77397059904629,59.040702425036535
2023-02-14,24.540000915527344,25.739999771118164,24.049999237060547,25.489999771118164,25.173688888549805,255737200,False,529921500.0,1178286551.9558768,29.840012023772378,35.2022123711849,17.24400943649864,0.0,42.85714285714286,42.85714285714286,1.4164445030040262,0.028673754977993404,1.3877707480260328,61.47804372854182,60.11122297103585,60.720121317410296
2023-02-15,25.020000457763672,26.100000381469727,24.850000381469727,26.059999465942383,25.736616134643555,137763700,False,667685200.0,1307233173.353582,30.31210286785308,34.82520668547275,16.22855746337915,0.0,35.71428571428571,35.71428571428571,1.4471823839396158,0.04752930873086636,1.3996530752087495,69.40235500404246,63.1865190137678,62.469397623343326
2023-02-16,24.829999923706055,25.8700008392334,24.530000686645508,24.56999969482422,24.265106201171875,194496500,False,473188700.0,1124348115.4555936,30.448913260997806,32.31670731913848,16.566129384807162,7.14285714285714,21.42857142857143,28.57142857142857,1.3359122817465163,-0.05099263476978666,1.386904916516303,63.41522489541802,64.76520787600077,55.51022619517865
2023-02-17,24.030000686645508,24.229999542236328,23.299999237060547,24.040000915527344,23.741683959960938,194902400,False,278286300.0,1239613577.411179,29.504039791747942,30.361719172385232,21.42290326510986,0.0,21.42857142857143,21.42857142857143,1.1912316747653122,-0.1565385934007928,1.347770268166105,54.10284564569205,62.30680851505085,53.238332471969045
2023-02-21,23.100000381469727,23.450000762939453,22.290000915527344,22.350000381469727,22.072654724121094,150468800,False,127817500.0,1104710378.8397176,27.863084584881097,27.86064249931863,24.412433919727413,0.0,14.28571428571429,14.28571428571429,0.9294877756983446,-0.3346259939742082,1.2641137696725528,29.43092245348171,48.98299766486394,46.678025685571534
2023-02-22,22.450000762939453,22.850000381469727,21.979999542236328,22.3700008392334,22.0924072265625,167338700,False,295156200.0,1087399833.0546253,26.11717662864536,26.683809638652765,24.886361101672833,100.0,-92.85714285714286,7.14285714285714,0.7154207941347366,-0.43895438043025314,1.1543751745649897,15.617058460766742,33.050275519980175,46.76163644729614
2023-02-23,23.190000534057617,23.229999542236328,21.950000762939453,22.93000030517578,22.645456314086914,179770000,False,474926200.0,1182902779.4938405,24.753004248075904,26.87222377840999,23.325281260085074,100.0,-100.0,0.0,0.5842238765844705,-0.4561210383844154,1.040344914968886,9.058354620919912,18.035445178389462,49.165167386938506
2023-02-24,21.75,22.030000686645508,21.350000381469727,21.770000457763672,21.49985122680664,172781800,False,302144400.0,1223557263.6538782,23.031894046022227,24.803911613900812,24.45282436654175,100.0,-100.0,0.0,0.3822408464984264,-0.5264832547763676,0.908724101274794,11.292484407987414,11.9892991632247,44.66670646027333
2023-02-27,22.479999542236328,22.799999237060547,22.100000381469727,22.239999771118164,21.964019775390625,138754400,False,440898800.0,1140304472.4233365,21.972938780496797,27.364772741743334,23.19924822501213,92.85714285714286,-85.71428571428572,7.14285714285714,0.25712883542797016,-0.521276212677459,0.7784050481054292,14.471428987163678,11.607422672023679,46.791004580379045
2023-02-28,22.079999923706055,22.719999313354492,22.0,22.1299991607666,21.855384826660156,127315800,False,313583000.0,1058963569.4693274,20.908677346228632,26.34794250490931,22.853292947545167,85.71428571428572,-85.71428571428572,0.0,0.14740138392959423,-0.504802931340668,0.6522043152702622,13.429793081294582,13.0645688254819,46.342577651491816
2023-03-01,22.059999465942383,22.209999084472656,21.3700008392334,21.59000015258789,21.322084426879883,154386900,False,159196100.0,985445914.5741297,19.413375340601252,25.172726122166274,25.17923286242036,78.57142857142857,-78.57142857142857,0.0,0.01667595108977693,-0.5084226913443882,0.5250986424341652,12.492278753652705,13.464500274036999,44.1078345613201
2023-03-02,21.010000228881836,22.299999237060547,20.950000762939453,22.110000610351562,21.83563232421875,157937300,False,317133400.0,1098927060.4652722,18.35097011017399,23.368690577118873,25.60435141297531,100.0,-71.42857142857143,28.57142857142857,-0.0444527811550266,-0.45564113887135343,0.41118835771632684,14.444817350179704,13.455629728375675,46.769791531855404
2023-03-03,22.5,23.530000686645508,22.3799991607666,23.459999084472656,23.168880462646484,151676600,False,468810000.0,1232138284.9449813,17.650786659645174,28.11793418801581,23.68183537792817,92.85714285714286,-71.42857142857143,21.42857142857143,0.015853107826995227,-0.3162681999114653,0.33212130773846055,25.438244135588125,17.458446746473523,53.024864390277585
2023-03-06,23.760000228881836,24.479999542236328,23.5,23.559999465942383,23.26763916015625,151849900,False,620659900.0,1098882093.433076,17.61926474543467,31.687162473785964,22.381820613724138,85.71428571428572,-71.42857142857143,14.28571428571429,0.07089788765577154,-0.2089787360661512,0.27987662372192273,40.64723195546211,26.843431147076654,53.46112216053675
2023-03-07,23.559999465942383,23.780000686645508,22.520000457763672,22.68000030517578,22.3985595703125,176331500,False,444328400.0,967333145.7648091,16.793027059616414,29.530608817269943,26.151935569891105,78.57142857142857,-71.42857142857143,7.14285714285714,0.04301682327065848,-0.1894878403610114,0.23250466363166988,44.33655064183829,36.80734224429619,49.13653234025995
2023-03-08,22.75,23.139999389648438,22.329999923706055,22.989999771118164,22.7047119140625,145492800,False,589821200.0,1058939825.0535796,15.878324206833291,28.20182911308066,26.030666603509253,71.42857142857143,-71.42857142857143,0.0,0.04541176642564082,-0.14967431776482326,0.19508608419046408,41.91173688718096,42.29850649482713,50.6509613461077
2023-03-09,23.110000610351562,23.709999084472656,21.59000015258789,21.780000686645508,21.509729385375977,196833700,False,392987500.0,897387754.2639189,15.017836641612133,25.027618725135806,27.029577662443245,64.28571428571428,-64.28571428571428,0.0,-0.04975351010802598,-0.19587167543879205,0.14611816533076608,32.856124762165116,39.70147076372813,45.016833741159026
2023-03-10,21.81999969482422,22.15999984741211,20.6200008392334,20.8799991607666,20.620895385742188,314857600,False,78129900.0,688845089.6466212,14.880937805517204,23.00227514240025,29.939409138688827,100.0,-28.57142857142857,71.42857142857143,-0.1955412016491529,-0.27332749358393515,0.07778629193478229,23.903952584056487,32.890604744467524,41.33394397371491
2023-03-13,20.469999313354492,22.149999618530273,20.1299991607666,21.329999923706055,21.065311431884766,329540700,False,407670600.0,750838054.7997473,15.06307276118356,20.6425655378108,29.35652559314444,100.0,-35.71428571428572,64.28571428571428,-0.27163644097937834,-0.2795381863313285,0.007901745351950158,19.27822864539981,25.346101997207143,43.8092739761923
2023-03-14,22.1200008392334,22.90999984741211,21.920000076293945,22.780000686645508,22.497318267822266,217162900,False,624833500.0,910968628.9886905,14.587787848880401,22.82661977405351,27.02152050663803,92.85714285714286,-35.71428571428572,57.14285714285714,-0.21249006972464812,-0.17631345206127863,-0.0361766176633695,31.747167352170447,24.976449527208924,50.98570676538574
2023-03-15,22.170000076293945,23.219999313354492,21.829999923706055,23.110000610351562,22.823223114013672,274559400,False,899392900.0,1142073077.6812642,13.89372051046955,22.78986532392978,25.127946018808736,85.71428571428572,-35.71428571428572,50.0,-0.1374040006713173,-0.08098190640635824,-0.05642209426495906,52.33718880805922,34.454194935209834,52.47339212403017
2023-03-16,22.8799991607666,25.030000686645508,22.719999313354492,24.940000534057617,24.630516052246094,228357100,False,1127750000.0,1352636098.3511312,13.827616168542392,28.982050274649364,22.327684403941266,78.57142857142857,21.42857142857143,100.0,0.06897287356264314,0.10031597426208178,-0.031343100699438624,75.86286905733009,53.31574173918659,59.766292968875625
2023-03-17,24.93000030517578,25.510000228881836,24.100000381469727,24.56999969482422,24.265106201171875,201770300,False,925979700.0,1285379149.7240167,14.054589935412627,29.32744977084469,20.803722273506498,71.42857142857143,28.57142857142857,100.0,0.20036240467818445,0.18536440430209844,0.014998000376085993,83.0656372632369,70.42189837620874,57.833956650863
2023-03-20,24.43000030517578,24.920000076293945,23.889999389648438,24.829999923706055,24.521879196166992,164178000,False,1090157700.0,1420865819.2362728,14.086596327355792,27.83295976856026,20.782559613820535,64.28571428571428,28.571428571428584,92.85714285714286,0.32176034726152025,0.24540987750834742,0.07635046975317285,89.35057632650819,82.75969421569174,58.84099717218185
2023-03-21,25.309999465942383,26.0,24.93000030517578,25.8799991607666,25.558849334716797,135145100,False,1225302800.0,1525697778.9676752,14.76307024183311,31.616327765534134,19.563041778934164,57.14285714285714,42.85714285714286,100.0,0.49696653375458766,0.3364928512011318,0.16047368255345582,89.2813863984748,87.23253332940664,62.7138546891017
2023-03-22,25.709999084472656,26.959999084472656,24.649999618530273,24.68000030517578,24.51583480834961,237918100,False,987384700.0,1293959512.7474053,15.893806437825369,32.719173173475745,17.392972476029634,50.0,50.0,100.0,0.5328464972703522,0.2978982517735171,0.23494824549683507,83.97805482803277,87.5366725176719,56.204817554753255
2023-03-23,25.600000381469727,26.610000610351562,24.8799991607666,25.559999465942383,25.38998031616211,196497200,False,1183881900.0,1251934039.9222496,16.94368152065809,29.74988285199146,15.814546745003405,42.85714285714286,50.0,92.85714285714286,0.6250846182937657,0.3121090982375445,0.3129755200562212,81.35859146703939,84.87267756451566,59.52262871556228
2023-03-24,25.440000534057617,25.84000015258789,24.84000015258789,25.81999969482422,25.648250579833984,169415100,False,1353297000.0,1414572380.818093,17.877183100783206,28.31601294485571,15.24511037637431,35.71428571428571,50.000000000000014,85.71428571428572,0.710968239994493,0.3183941759506174,0.39257406404387557,76.47634045233299,80.60432891580172,60.475357807103336
2023-03-27,25.989999771118164,26.260000228881836,25.059999465942383,25.290000915527344,25.121776580810547,136795600,False,1216501400.0,1330215391.3065965,18.98233295726962,28.707920639487803,14.351229191301092,28.57142857142857,50.0,78.57142857142857,0.7278746707278536,0.26824048534718237,0.45963418538067125,79.45340544582018,79.09611245506419,57.50409074033551
2023-03-28,25.139999389648438,25.139999389648438,24.290000915527344,24.8700008392334,24.704570770263672,118020700,False,1098480700.0,1373258502.7834704,19.1889594231927,27.272819772587443,17.48301635195232,21.42857142857143,50.0,71.42857142857143,0.6993213021595714,0.1917496934231202,0.5075716087364512,76.08591577077597,77.33855388964305,55.18998754450218
2023-03-29,25.760000228881836,26.3700008392334,25.56999969482422,26.229999542236328,26.055522918701172,119365300,False,1217846000.0,1450845620.5065286,20.1003417491314,31.361980426548563,16.176705008278624,14.28571428571429,49.999999999999986,64.28571428571428,0.7774708808466535,0.2159194176881618,0.5615514631584917,78.08689113432882,77.87540411697499,60.70442747600735
2023-03-30,26.81999969482422,27.09000015258789,26.489999771118164,26.940000534057617,26.760801315307617,130150000,False,1347996000.0,1515920827.374251,21.31199676201087,33.670985626389246,15.463317985331715,7.14285714285714,92.85714285714286,100.0,0.8864773719764436,0.25994072705436155,0.626536644922082,85.51881064169113,79.89720584893199,63.247278919949224
2023-03-31,27.0,28.31999969482422,26.90999984741211,28.260000228881836,28.072021484375,127022100,False,1475018100.0,1632132630.937882,22.983279193416166,37.54036295601868,14.346252582292843,0.0,100.0,100.0,1.0670781327395886,0.3524331902540052,0.7146449424855834,95.41073612248158,86.33881263283386,67.4628501723201
2023-04-03,27.68000030517578,28.1200008392334,27.329999923706055,28.059999465942383,27.87335205078125,125116300,False,1349901800.0,1738243510.3781362,24.53510141076045,35.70808569575822,13.646037925144096,7.14285714285714,85.71428571428572,92.85714285714286,1.1804595438979995,0.37265168112993274,0.8078078627680667,97.63805844826264,92.85586840414514,66.22342285297628
2023-04-04,28.15999984741211,28.43000030517578,27.420000076293945,27.780000686645508,27.595212936401367,116090400,False,1233811400.0,1704910744.8040717,26.111464724667357,35.43726381331933,12.90913074455191,0.0,100.0,100.0,1.233502518463979,0.34055572455672967,0.8929467939072493,94.56193765845825,95.87024407640082,64.43853391017659
2023-04-05,27.469999313354492,27.520000457763672,26.40999984741211,26.889999389648438,26.71113395690918,129137000,False,1104674400.0,1687459630.9337025,26.450506822592544,32.846215025960284,17.355598867534667,0.0,92.85714285714286,92.85714285714286,1.1900061413012146,0.23764747791517216,0.9523586633860425,83.5631952791335,91.9210637952848,58.995538941721165
2023-04-06,26.459999084472656,27.559999465942383,26.110000610351562,27.43000030517578,27.247541427612305,120960300,False,1225634700.0,1786730620.7312207,26.454863526413316,30.319431846161905,17.612077298761008,7.14285714285714,78.57142857142858,85.71428571428572,1.1854434556881088,0.186467833841653,0.9989756218464558,77.55644185243699,85.22719159667624,61.140306316867125
2023-04-10,26.639999389648438,27.3799991607666,26.170000076293945,27.3700008392334,27.18794059753418,118528800,False,1107105900.0,1903300594.3675442,26.458908876456597,28.28332415459564,16.429334619596776,0.0,78.57142857142857,78.57142857142857,1.1635730926888428,0.13167797667390957,1.0318951160149332,72.81633298114416,77.97865670423822,60.76002533642518
2023-04-11,27.360000610351562,27.3700008392334,26.700000762939453,26.84000015258789,26.661466598510742,104260800,False,1002845100.0,1842611277.0604923,26.46266513441588,27.23592846560932,15.820919068460672,35.71428571428571,35.71428571428572,71.42857142857143,1.0908988436243767,0.0472029820875548,1.043695861536822,71.32130355514286,73.89802612957467,57.365777058221404
2023-04-12,27.34000015258789,27.489999771118164,26.0,26.1299991607666,25.956188201904297,174019300,False,828825800.0,1698957569.5870128,25.66866276132689,25.017148806482133,18.359292851278912,28.57142857142857,35.71428571428571,64.28571428571428,0.9648901779884156,-0.06304454683872507,1.0279347248271407,60.14491551765019,68.09418401797907,53.087351994101965
2023-04-13,26.530000686645508,27.739999771118164,26.489999771118164,27.6299991607666,27.446208953857422,123761500,False,952587300.0,1800936924.726173,25.129895051062718,24.195488042209483,16.76957995359991,21.42857142857143,35.71428571428571,57.14285714285714,0.97482766014841,-0.042485651742984576,1.0173133118913946,62.238300057619746,64.56817304347094,59.89298299643696
2023-04-14,27.209999084472656,27.93000030517578,26.700000762939453,27.469999313354492,27.287275314331055,142666100,False,809921200.0,1836893151.6802757,24.782642813806895,23.613703347630807,15.654357299337626,14.28571428571429,35.71428571428571,50.0,0.9587407690540104,-0.04685803426990742,1.0055988033239178,67.31075781644485,63.23132446390493,58.911258241950065
2023-04-17,27.350000381469727,27.6200008392334,26.809999465942383,27.5,27.317075729370117,114308900,False,924230100.0,1917332568.530848,24.460203146800932,22.550161591574664,14.94929793584146,7.14285714285714,35.71428571428572,42.85714285714286,0.9376044758884774,-0.05439546194835243,0.9919999378368298,78.34136201298104,69.29680662901522,59.046807725813174
2023-04-18,28.06999969482422,28.18000030517578,27.200000762939453,27.520000457763672,27.336942672729492,106414900,False,1030645000.0,1880413079.614495,24.628346138145105,24.467651985994433,14.120650217641456,0.0,35.71428571428571,35.71428571428571,0.9119552288608652,-0.06403576718077175,0.975990996041637,74.17653944515922,73.27621975819504,59.1435750678265
2023-04-19,26.8700008392334,27.739999771118164,26.84000015258789,27.459999084472656,27.277339935302734,95925300,False,934719700.0,1916651354.6121109,24.297334538762588,23.196013591979284,15.465662097506366,0.0,28.57142857142857,28.57142857142857,0.8766805784329854,-0.07944833408692131,0.9561289125199067,68.60010360447627,73.70600168753884,58.69549895854512
2023-04-20,26.670000076293945,27.579999923706055,26.469999313354492,26.81999969482422,26.641597747802734,136847600,False,797872100.0,1866104089.5066054,23.508444427913407,21.698190794414256,16.61942461804245,57.14285714285714,-35.71428571428571,21.42857142857143,0.7879989998245627,-0.13450393015627538,0.922502929980838,54.00297626101809,65.59320643688453,53.996425050059514
2023-04-21,26.700000762939453,27.09000015258789,26.25,26.8700008392334,26.691268920898438,114444000,False,912316100.0,1920601430.3542855,22.495008708943715,20.6134200457306,17.097911651568587,50.0,-35.71428571428571,14.28571428571429,0.7135277802429165,-0.1671801197903373,0.8807079000332538,43.209865883842745,55.27098191644571,54.3042250334138
2023-04-24,26.809999465942383,27.170000076293945,26.139999389648438,26.709999084472656,26.532329559326172,107645400,False,804670700.0,1932097397.8208652,21.4106513830511,19.336854540306927,16.70043690893725,42.85714285714286,-35.71428571428572,7.14285714285714,0.6342863396753273,-0.19713724828634127,0.8314235879616686,32.92180133226585,43.37821449237557,53.080341193976786
2023-04-25,26.280000686645508,26.450000762939453,25.170000076293945,25.200000762939453,25.03237533569336,138288000,False,666382700.0,1800291792.7103658,20.496345330782834,17.5835137827709,20.897403543026005,100.0,-100.0,0.0,0.44451854902655796,-0.3095240311480886,0.7540425801746465,22.005755101171726,32.712474105760116,43.18787049460443
2023-04-26,26.020000457763672,26.389999389648438,25.510000228881836,25.6200008392334,25.449583053588867,124862300,False,791245000.0,1706645270.6843696,19.647360706158253,16.34982845194293,19.431210805787966,92.85714285714286,-35.71428571428572,57.14285714285714,0.32427862170950306,-0.34381116677211476,0.6680897884816178,15.054985483546988,23.32751397232819,46.1917173425893
2023-04-27,26.559999465942383,27.829999923706055,26.389999389648438,27.690000534057617,27.50581169128418,127815600,False,919060600.0,1809607954.9189467,19.207756073126664,22.355995945853017,17.040092813052052,85.71428571428572,-35.71428571428572,50.0,0.3915062483649123,-0.2212668320933644,0.6127730804582767,33.22260995821787,23.4277835143122,57.98313364675822
2023-04-28,27.639999389648438,28.280000686645508,27.329999923706055,28.25,28.062088012695312,130536100,False,1049596700.0,1931899487.5779493,19.195690267043066,23.704067981520385,16.121699906739185,78.57142857142857,21.42857142857143,100.0,0.4843881782314803,-0.10270792178143717,0.5870961000129175,65.90215909434652,38.059918178703796,60.5046665574199
2023-05-01,28.139999389648438,28.530000686645508,27.8700008392334,28.170000076293945,27.982620239257812,89001300,False,960595400.0,1923808273.245666,19.398101819503236,24.25349164629023,15.49681010031598,71.42857142857143,28.57142857142857,100.0,0.5452570675095707,-0.03347122600267738,0.5787282935122481,90.6806616756143,63.268476909392895,59.951156911976774
2023-05-02,28.139999389648438,28.219999313354492,26.959999084472656,27.420000076293945,27.237607955932617,124656000,False,835939400.0,1890171119.626927,18.483553064774974,22.463383567598502,19.683623521034576,64.28571428571428,28.571428571428584,92.85714285714286,0.5269035526418726,-0.0414597926963004,0.568363345338173,85.09510650081474,80.55930909025852,54.88214008018642
2023-05-03,27.5,28.200000762939453,26.829999923706055,26.8799991607666,26.70119857788086,170133800,False,665805600.0,1732455648.0755017,17.489005657510422,20.67642181135909,18.872640133575345,57.14285714285714,28.571428571428584,85.71428571428572,0.4634424232004193,-0.08393673771020305,0.5473791609106223,69.04759742235504,81.60778853292803,51.50540574486766
2023-05-04,26.780000686645508,27.079999923706055,26.280000686645508,26.579999923706055,26.403196334838867,121310800,False,544494800.0,1702127803.461621,16.511476201427648,19.69134760624819,21.24891547338918,50.0,28.57142857142857,78.57142857142857,0.38450920688447,-0.13029596322092196,0.514805170105392,53.27378925012451,69.13883105776476,49.67676050228253
2023-05-05,27.1200008392334,28.459999084472656,27.030000686645508,28.209999084472656,28.02235221862793,97627100,False,642121900.0,1765619515.5659626,16.378301803252132,25.470779427136417,18.962562143811443,42.85714285714286,28.57142857142857,71.42857142857143,0.44831349516664076,-0.05319333995100095,0.5015068351176417,61.11107957426776,61.14415541558244,58.33286022546225
2023-05-08,28.100000381469727,28.540000915527344,27.81999969482422,28.440000534057617,28.250823974609375,75738500,False,717860400.0,1820319498.7574813,16.32155945355931,24.860615613246644,18.15680126406944,35.71428571428571,64.28571428571429,100.0,0.5115413182017079,0.008027586467252878,0.503513731734455,76.49101614717456,63.625294990522285,59.39423612312441
2023-05-09,27.989999771118164,28.219999313354492,27.809999465942383,27.889999389648438,27.704483032226562,64840700,False,653019700.0,1780782471.8480387,16.25668972827023,23.90350213457586,17.518890299771464,28.57142857142857,64.28571428571429,92.85714285714286,0.5113745205332769,0.006288631039057524,0.5050858894942194,89.40696686284082,75.66968752809439,55.73791798221759
2023-05-10,28.520000457763672,29.020000457763672,27.8700008392334,28.790000915527344,28.598495483398438,151551000,False,804570700.0,1871713172.3908868,16.87782228092959,27.11614263651133,16.286309677075604,21.42857142857143,78.57142857142857,100.0,0.5772112022530997,0.05770025020710423,0.5195109520459955,90.590247524627,85.4960768448808,60.06969991903096
2023-05-11,28.90999984741211,29.190000534057617,28.489999771118164,29.030000686645508,28.836898803710938,97341500,False,901912200.0,1924555791.8997724,17.589447767711448,26.991356288517846,15.568291880703,14.28571428571429,85.71428571428571,100.0,0.6413600234931209,0.09747925715770034,0.5438807663354206,90.2526723171291,90.08329556819899,61.16127100082301
2023-05-12,29.18000030517578,29.299999237060547,28.170000076293945,28.729999542236328,28.538894653320312,105114100,False,796798100.0,1923625556.6436727,17.810600312742984,25.069904505552547,16.475955057000938,7.14285714285714,92.85714285714286,100.0,0.6603784101129975,0.09319811502206155,0.5671802950909359,92.08148101818061,90.97480028664557,58.990431150668606
2023-05-15,28.850000381469727,29.25,28.43000030517578,29.170000076293945,28.975967407226562,86467600,False,883265700.0,1993221439.6254644,18.0159549689184,23.7487148953949,15.60766851710156,0.0,92.85714285714286,92.85714285714286,0.7028529332857225,0.10853811055582918,0.5943148227298933,92.92946621224696,91.75453984918556,61.16744990376484
2023-05-16,28.979999542236328,29.739999771118164,28.959999084472656,29.280000686645508,29.085237503051758,79663500,False,962929200.0,1978923132.4288976,18.65611605468287,25.749987264165117,14.808236060154401,0.0,100.0,100.0,0.7368959510327322,0.1140649026422711,0.6228310483904611,89.82457304830525,91.61184009291094,61.71463757546045
2023-05-17,29.549999237060547,30.479999542236328,29.229999542236328,30.329999923706055,30.128250122070312,101104600,False,1064033800.0,2055762690.1382482,19.8466522552387,28.4667498483269,13.605531475090295,35.71428571428571,64.28571428571429,100.0,0.8389307792777245,0.1728797847098107,0.6660509945679138,93.23458229424563,91.99620718493263,66.55862581576275
2023-05-18,30.399999618530273,32.040000915527344,30.399999618530273,31.959999084472656,31.747407913208008,135933800,False,1199967600.0,2178434362.94099,21.90387103535799,35.17385560409877,12.151551569025703,28.57142857142857,71.42857142857143,100.0,1.0393405546387697,0.29863164805668474,0.740708906582085,93.91496138994425,92.32470557749839,72.39719705014382
2023-05-19,32.029998779296875,32.2400016784668,31.450000762939453,31.739999771118164,31.528873443603516,98804300,False,1101163300.0,2152169596.6063786,23.91558405069113,34.6762100374208,11.538082797350274,21.42857142857143,78.57142857142857,100.0,1.1669626208262507,0.34100297139533253,0.8259596494309182,95.55012218794462,94.23322195737818,70.60543944606266
2023-05-22,31.68000030517578,32.36000061035156,31.670000076293945,32.06999969482422,31.85667610168457,83312400,False,1184475700.0,2165451116.6802397,25.846213028239763,33.89261769868729,11.01502149544045,14.28571428571429,85.71428571428571,100.0,1.2799774800342902,0.36321426448269767,0.9167632155515926,95.15067835527049,94.87192064438646,71.73543568230315
2023-05-23,31.559999465942383,31.899999618530273,30.729999542236328,30.829999923706055,30.62492561340332,106315000,False,1078160700.0,2077309689.0950897,26.24808645790799,30.95750367915573,16.136072018780343,7.14285714285714,85.71428571428572,92.85714285714286,1.255017886788611,0.2706037369896148,0.9844141497989962,87.22549013171954,92.64209689164488,62.07841630276269
2023-05-24,30.270000457763672,30.700000762939453,29.770000457763672,30.329999923706055,30.128250122070312,117972500,False,960188200.0,2101411415.5834365,25.454426937855736,28.830548898512077,21.249826874207013,0.0,85.71428571428572,85.71428571428572,1.1812744118891274,0.15748820967210486,1.0237862022170225,77.32648179291486,86.56755009330163,58.64987387746058
2023-05-25,32.36000061035156,32.869998931884766,31.68000030517578,32.52000045776367,32.30368423461914,130873500,False,1091061700.0,2155300750.602398,26.125123907958404,37.35475270611414,18.049651814965806,0.0,100.0,100.0,1.284737265760068,0.2087608508344363,1.0759764149256317,76.61074357231517,80.38757183231652,67.19577058203889
2023-05-26,32.810001373291016,35.25,32.790000915527344,34.97999954223633,34.747318267822266,126392200,False,1217453900.0,2253948263.9696603,27.74968857550191,44.750691456290966,15.370380631613513,7.14285714285714,92.85714285714286,100.0,1.547396268941558,0.37713588321274094,1.170260385728817,83.78922595337924,79.24215043953643,73.7568122536099
2023-05-30,36.310001373291016,36.66999816894531,35.040000915527344,35.470001220703125,35.23406219482422,135306400,False,1352760300.0,2190030687.687288,29.70196127136693,48.287146216265434,13.98630651488004,0.0,100.0,100.0,1.774637544714249,0.4835017271883455,1.2911358175259036,91.9392207109312,84.11306341220855,74.83641212697876
2023-05-31,34.970001220703125,35.59000015258789,34.400001525878906,34.75,34.51884841918945,105144500,False,1247615800.0,2146735695.302266,30.89789760796499,45.20066032683454,16.529993291724757,0.0,92.85714285714286,92.85714285714286,1.8750157967910148,0.4671039834120889,1.407911813378926,86.71546997786946,87.48130554739332,70.26247659008274
2023-06-01,34.7400016784668,36.43000030517578,34.40999984741211,36.0099983215332,35.770469665527344,108379600,False,1355995400.0,2210046348.1033297,32.28754835189646,44.82228990563749,14.800571479019778,7.14285714285714,78.57142857142858,85.71428571428572,2.032804711710895,0.49991431866557545,1.5328903930453197,85.33691408478556,87.9972015911954,73.33401613303629
2023-06-02,36.560001373291016,37.189998626708984,36.0099983215332,36.81999969482422,36.57508087158203,108007500,False,1464002900.0,2250320544.204581,33.81333496522436,46.031688179529866,13.886586429872867,0.0,100.0,100.0,2.197878133956685,0.5319901927290922,1.6658879412275929,88.47444748035173,86.84227718100226,75.11358242095781
2023-06-05,36.7599983215332,37.70000076293945,36.560001373291016,36.900001525878906,36.65454864501953,103130900,False,1567133800.0,2208706381.941326,35.381688913240005,45.953530490854895,13.048246880663624,0.0,100.0,100.0,2.308544030968921,0.5141248717930627,1.7944191591758585,92.95275122377804,88.92137092963844,75.28898901948017
2023-06-06,36.689998626708984,37.15999984741211,36.2599983215332,36.86000061035156,36.61481475830078,79754500,False,1487379300.0,2235291440.636702,36.52446087105308,43.71001673702981,14.038606139614046,0.0,92.85714285714286,92.85714285714286,2.3657489310251094,0.45706381747940084,1.9086851135457086,92.2352012522583,91.22079998546269,75.00433024986897
2023-06-07,36.939998626708984,37.560001373291016,34.77000045776367,34.97999954223633,34.747318267822266,114242700,False,1373136600.0,2138246485.823212,36.16925969104718,37.58423702327954,19.55563423315897,0.0,85.71428571428572,85.71428571428572,2.2336358879599345,0.2599606195313806,1.973675268428554,82.20973216277248,89.1325615462696,62.95655387261276
2023-06-08,35.02000045776367,36.380001068115234,34.95000076293945,36.18000030517578,35.93933868408203,94076900,False,1467213500.0,2206008074.271351,35.839430606445,34.88560811612438,18.151497711598928,28.57142857142857,50.0,78.57142857142857,2.200400534591118,0.18138021293005124,2.019020321661067,78.87159383857069,84.43884241786716,66.6400029753519
2023-06-09,36.68000030517578,37.619998931884766,36.20000076293945,36.619998931884766,36.37641143798828,103851700,False,1571065200.0,2163589585.65958,36.081898625528126,38.58618084545589,16.840216799873648,21.42857142857143,50.0,71.42857142857143,2.1843852560528347,0.13229194751341433,2.0520933085394204,77.63764899206372,79.57299166446897,67.90037214412942
2023-06-12,37.150001525878906,38.5099983215332,36.84000015258789,38.4900016784668,38.23397445678711,77428700,False,1648493900.0,2239164015.2708006,36.65353312975687,39.37404820632188,15.279980612253604,14.28571428571429,85.71428571428571,100.0,2.2961184021555567,0.1952200748929087,2.100898327262648,88.99476418468855,81.83466900510766,72.63274182861134
2023-06-13,39.369998931884766,39.630001068115234,38.31999969482422,39.349998474121094,39.08824920654297,133267100,False,1781761000.0,2315461505.2308774,37.57423939549114,42.35741330125421,14.291612615617948,7.14285714285714,92.85714285714286,100.0,2.426095757847712,0.26015794446805085,2.165937813379661,94.43741079752938,87.02327465809388,74.49501349703102
2023-06-14,39.349998474121094,40.29999923706055,38.41999816894531,40.189998626708984,39.922664642333984,152656500,False,1934417500.0,2450253857.748272,38.64243296515022,41.74674409761533,12.992737044598092,0.0,100.0,100.0,2.567290612709293,0.3210822394637054,2.2462083732455875,98.5517711164289,93.99464869954893,76.19866323761404
2023-06-15,39.7400016784668,42.09000015258789,39.5099983215332,41.599998474121094,41.32328414916992,127937000,False,2062354500.0,2529594500.967874,40.12760773299193,45.01885225814044,11.454232108734304,0.0,100.0,100.0,2.7611351094717875,0.41194138898096,2.3491937204908275,96.87175742124487,96.62031311173439,78.76298791463164
2023-06-16,42.40999984741211,42.439998626708984,40.650001525878906,40.79999923706055,40.52860641479492,112156600,False,1950197900.0,2436234840.1205835,41.59281882392018,42.94892489113697,10.523203136850134,0.0,100.0,100.0,2.817724048315391,0.3748242622596507,2.44289978605574,91.01901509143318,95.48084787636897,73.89823361426794
2023-06-20,40.290000915527344,41.08000183105469,39.599998474121094,40.599998474121094,40.329933166503906,84124900,False,1866073000.0,2465791979.5644636,41.94805796234661,40.05026247758661,14.601192637181196,7.14285714285714,85.71428571428572,92.85714285714286,2.813994819330837,0.2968760266200774,2.5171187927107597,83.81585743722856,90.56887664996889,72.68948200679984
2023-06-21,40.08000183105469,40.220001220703125,38.5,38.849998474121094,38.71363067626953,99633300,False,1766439700.0,2406706910.056293,41.33618644069078,36.30601233379874,18.13317301756686,0.0,85.71428571428572,85.71428571428572,2.6394036020998612,0.09782784751128126,2.54157575458858,70.6696839508808,81.83485215984751,62.98192369126096
2023-06-22,38.369998931884766,40.189998626708984,38.2400016784668,40.13999938964844,39.99910354614258,105099600,False,1871539300.0,2506416860.785195,40.55475364679738,33.202000448794784,17.722801267090116,0.0,78.57142857142857,78.57142857142857,2.5754429938031294,0.027093791371639142,2.54834920243149,67.4733673882589,73.98630292545609,66.53027958167365
2023-06-23,38.83000183105469,39.709999084472656,38.380001068115234,38.95000076293945,38.81328201293945,112379100,False,1759160200.0,2490362795.735331,39.8291380918381,30.654566084740363,16.363013532470905,21.42857142857143,50.0,71.42857142857143,2.4010529630206037,-0.11783699152870941,2.518889954549313,59.934581923997975,66.02587775437922,60.745721995985534
2023-06-26,38.7599983215332,39.66999816894531,37.34000015258789,37.40999984741211,37.2786865234375,108450000,False,1650710200.0,2388429081.886986,38.27912778870774,27.63197962249855,19.15070071446928,14.28571428571429,49.999999999999986,64.28571428571428,2.1142110942113703,-0.3237430882703545,2.437954182481725,52.97697321521531,60.128307509157395,54.180451524510296
2023-06-27,37.849998474121094,39.5,37.599998474121094,39.2599983215332,39.1221923828125,97677000,False,1748387200.0,2461429634.391232,36.839833551881206,25.228954742262207,17.48525325397103,7.14285714285714,50.0,57.14285714285714,2.0129620884450006,-0.33999367522937973,2.3529557636743803,49.152543496843144,54.02136621201881,59.8010970868175
2023-06-28,38.66999816894531,40.13999938964844,38.630001068115234,39.5,39.361351013183594,108676300,False,1857063500.0,2477982963.554246,35.87128367003691,26.31618367470557,16.377104128887826,0.0,50.0,50.0,1.9298416384664847,-0.33849130016631657,2.2683329386328013,51.235746621353655,51.12175444447072,60.47842232681472
2023-06-29,39.36000061035156,39.560001373291016,38.66999816894531,39.22999954223633,39.0922966003418,99133200,False,1757930300.0,2503601512.464061,34.971916485455644,25.298481901799324,15.743767315577038,0.0,42.85714285714286,42.85714285714286,1.8211877834370185,-0.35771612415662624,2.1789039075936447,55.94837050087549,52.11222020635744,59.26854256650683
2023-06-30,40.400001525878906,41.349998474121094,40.290000915527344,41.0,40.85608673095703,91993400,False,1849923700.0,2534844678.9032845,35.06561909905992,30.63546426495582,14.322888651135987,0.0,35.71428571428571,35.71428571428571,1.8565024602191542,-0.2579211578995926,2.114423618118747,61.19703062066375,56.12704924763097,64.3092449419329
2023-07-03,41.20000076293945,41.4900016784668,40.84000015258789,41.279998779296875,41.135101318359375,39934000,False,1889857700.0,2548974875.5534015,35.216689398201616,30.372233773556864,13.908421985914364,0.0,28.57142857142857,28.57142857142857,1.8853500160440149,-0.18325888165978554,2.0686088977038004,66.69943977278164,61.2816136314403,65.04616998924914
2023-07-05,40.720001220703125,41.84000015258789,40.709999084472656,41.25,41.10520935058594,69503700,False,1820354000.0,2545899540.431213,35.520799536514026,30.403123062436105,13.193641274965984,57.14285714285714,-35.71428571428571,21.42857142857143,1.8840728421618138,-0.14762884443358937,2.031701686595403,76.06910552084692,67.98852530476411,64.89157762353976
2023-07-06,39.970001220703125,40.41999816894531,39.290000915527344,40.279998779296875,40.13861083984375,85236700,False,1735117300.0,2610015682.943923,34.432556225627756,27.74015730120488,18.383725797692694,50.0,-35.71428571428571,14.28571428571429,1.7842222770166813,-0.19798352766297755,1.982205804679659,70.5228779680473,71.0971410872253,59.93164377584004
2023-07-07,40.189998626708984,41.2599983215332,39.779998779296875,39.869998931884766,39.73004913330078,84068400,False,1651048900.0,2536171838.5764027,33.880876419377664,29.66947460496777,17.161390758631192,42.85714285714286,-35.71428571428572,7.14285714285714,1.6529522193228985,-0.2634028682854084,1.9163550876083069,61.30718993358437,69.29972447415953,57.91659003536043
2023-07-10,39.7599983215332,40.11000061035156,38.93000030517578,39.900001525878906,39.75994873046875,86006800,False,1737055700.0,2591566190.1232944,32.63798226328639,28.06711592268648,20.12488111365432,35.71428571428571,-35.71428571428571,0.0,1.5336616150173654,-0.30615477807275315,1.8398163930901186,54.714600864805995,62.181556255479215,58.027802111573024
2023-07-11,40.02000045776367,40.619998931884766,39.29999923706055,40.470001220703125,40.327945709228516,81239300,False,1818295000.0,2654342290.3122954,31.779617147891628,28.712756288216987,18.89550497522105,28.57142857142857,42.85714285714286,71.42857142857143,1.4681927512310011,-0.2972989134872941,1.7654916647182952,58.6841109140268,58.23530057080572,60.1807551032571
2023-07-12,41.83000183105469,42.439998626708984,41.150001525878906,41.970001220703125,41.82268142700195,115167700,False,1933462700.0,2685589615.265203,31.88994989002192,34.405350621811635,17.20618275591394,21.42857142857143,78.57142857142857,100.0,1.5198260602162534,-0.19653248360163356,1.716358543817887,72.40962017626414,61.93611065169898,65.23459467887092
2023-07-13,43.02000045776367,44.36000061035156,42.83000183105469,44.060001373291016,43.90534591674805,82386600,False,2015849300.0,2735667801.0645447,32.72509008504431,39.2091406632195,15.406578499367416,14.28571428571429,85.71428571428571,100.0,1.70968321122065,-0.005340266077789924,1.7150234772984398,85.35548266519088,72.14973791849394,70.7962793210047
2023-07-14,44.220001220703125,45.36000061035156,43.720001220703125,44.02000045776367,43.86548614501953,92836500,False,1923012800.0,2676795800.499318,33.8206930080399,40.77077333495367,14.301236555388025,7.14285714285714,92.85714285714286,100.0,1.8357571657692588,0.09658695077665502,1.7391702149926038,89.9342127762551,82.5664385392367,70.5636051789868
2023-07-17,44.279998779296875,45.56999969482422,44.11000061035156,45.2400016784668,45.08120346069336,72762600,False,1995775400.0,2716665895.400685,34.90350653002573,38.918177406632346,13.327980155878135,0.0,100.0,100.0,2.010934781203666,0.21741165296884968,1.7935231282348163,91.625925014921,88.97187348545566,73.43159846599926
2023-07-18,45.02000045776367,46.84000015258789,44.310001373291016,46.31999969482422,46.15740966796875,98316800,False,2094092200.0,2774567829.2559133,36.284656828827636,40.123334425944755,11.90395264701666,0.0,100.0,100.0,2.2114192529348813,0.3343168997600521,1.8771023531748292,90.93917418242226,90.83310399119944,75.68964167095156
2023-07-19,46.72999954223633,47.13999938964844,45.81999969482422,46.31999969482422,46.15740966796875,100286900,False,2094092200.0,2750255871.063271,37.65068037012275,39.13813310578216,11.229791182027473,0.0,100.0,100.0,2.3432926224914183,0.3729522154532712,1.9703404070381472,93.28151001928791,91.94886973887704,75.68964167095156
2023-07-20,45.15999984741211,45.70000076293945,42.689998626708984,43.06999969482422,42.918819427490234,116931400,False,1977160800.0,2662848740.4060535,36.44284204344851,33.516649624494576,22.00162289405316,0.0,92.85714285714286,92.85714285714286,2.1606487653349546,0.1522466866374459,2.0084020786975088,78.13711302625813,87.45259907598943,58.37469324063971
2023-07-21,43.880001068115234,44.18000030517578,42.5099983215332,42.689998626708984,42.54015350341797,102377100,False,1874783700.0,2582540966.578729,35.203752016271146,31.290002729130215,21.25602193120896,35.71428571428571,50.000000000000014,85.71428571428572,1.9626154727805556,-0.03662928473356253,1.9992447575141181,62.180958972564916,77.86652733937032,56.74027818702199
2023-07-24,42.97999954223633,43.310001373291016,42.20000076293945,42.86000061035156,42.709556579589844,63214600,False,1937998300.0,2594500426.7821794,33.84346543990525,29.869601327655808,21.558880658501568,28.57142857142857,50.0,78.57142857142857,1.798656607248958,-0.16047052021212815,1.9591271274610862,48.03085398117835,62.782975326667135,57.31605758668347
2023-07-25,43.08000183105469,44.279998779296875,43.08000183105469,43.720001220703125,43.5665397644043,69099600,False,2007097900.0,2599107183.9353905,33.039649389085376,32.13213400689652,20.289955973685846,21.42857142857143,50.0,71.42857142857143,1.7183053327180744,-0.19265743579440953,1.910962768512484,50.66991852995212,53.62724382789846,60.201847840106545
2023-07-26,43.31999969482422,43.849998474121094,42.439998626708984,43.27000045776367,43.11811828613281,102882300,False,1904215600.0,2617349006.8065324,31.840709323269042,30.229494595697375,21.77622232789049,14.28571428571429,49.999999999999986,64.28571428571428,1.5998727310395182,-0.24887202997837266,1.8487447610178909,53.02477803353651,50.575183514889,57.992464983252795
2023-07-27,45.11000061035156,45.689998626708984,42.45000076293945,42.900001525878906,42.74941635131836,130551600,False,1773664000.0,2523061825.5334115,31.552535584693192,33.62403349161897,18.993151310630374,7.14285714285714,50.0,57.14285714285714,1.4593359034653517,-0.3115270860420314,1.770862989507383,53.18718534164854,52.29396063504572,56.16724105529314
2023-07-28,44.29999923706055,45.59000015258789,44.130001068115234,45.220001220703125,45.061275482177734,102243800,False,1875907800.0,2573483542.6373754,31.28494572262584,30.175829275625492,17.04536998806412,0.0,50.0,50.0,1.5176692945146897,-0.20255495599415485,1.7202242505088445,58.909427574800134,55.04046364999507,63.85011409309875
2023-07-31,45.33000183105469,45.709999084472656,44.81999969482422,45.310001373291016,45.15095901489258,79504600,False,1955412400.0,2581523693.5640473,31.08971463588525,29.587380617103577,16.44449244061949,0.0,42.85714285714286,42.85714285714286,1.5532562165459538,-0.13357442717031276,1.6868306437162666,64.43833867414406,58.84498386353092,64.11290068779222
2023-08-01,44.790000915527344,45.22999954223633,44.209999084472656,44.959999084472656,44.80218505859375,76528300,False,1878884100.0,2617536960.703811,30.417163189868283,28.261328245796015,18.192849097896662,0.0,35.71428571428571,35.71428571428571,1.535516372117172,-0.1210514172792756,1.6565677893964477,66.94325294524539,63.43033973139652,62.21868501211133
2023-08-02,43.689998626708984,43.70000076293945,41.529998779296875,42.02000045776367,41.87250518798828,129022000,False,1749862100.0,2546783107.033355,28.451968405578928,24.56436633112619,26.03397272971946,100.0,-71.42857142857143,28.57142857142857,1.2695890665495497,-0.3095829782775186,1.5791720448270683,44.684654247713205,58.68874862236755,49.09675504036406
2023-08-03,41.11000061035156,42.459999084472656,41.04999923706055,41.720001220703125,41.57355880737305,100670100,False,1649192000.0,2541785594.257094,26.887232171256397,23.21968808468266,26.472368944986602,100.0,-78.57142857142857,21.42857142857143,1.0228416479313438,-0.4450643175165798,1.4679059654479236,25.202177684094533,45.610028292351046,47.9846722338518
2023-08-04,42.38999938964844,43.16999816894531,40.970001220703125,41.13999938964844,40.9955940246582,123503100,False,1525688900.0,2437369157.87801,25.005261387750732,23.98225819507392,24.24250670100255,100.0,-85.71428571428571,14.28571428571429,0.7715967533978301,-0.5570473696400748,1.328644123037905,7.4971149058353665,25.794648945881036,45.82360875885039
2023-08-07,41.72999954223633,42.20000076293945,40.939998626708984,42.15999984741211,42.01201248168945,74896100,False,1600585000.0,2507509849.1635604,23.275895244560232,22.797819921891648,23.16281594062379,100.0,-92.85714285714286,7.14285714285714,0.6473268952983346,-0.5450537821916563,1.192380677489991,11.144783172913092,14.614691920947664,50.081388333625235
2023-08-08,41.290000915527344,41.290000915527344,40.0,41.08000183105469,40.93580627441406,94390000,False,1506195000.0,2571168377.046316,22.233204561450535,20.892853843171032,24.863715754471734,100.0,-100.0,0.0,0.45643383827108863,-0.5887574713751218,1.0451913096462104,13.782298641845232,10.80806557353123,45.96246517601138
2023-08-09,41.15999984741211,41.209999084472656,39.45000076293945,39.709999084472656,39.570613861083984,99715300,False,1406479700.0,2500914253.587206,21.576062544366405,19.46558861580635,25.29998464189361,100.0,-50.0,50.0,0.19238425724580566,-0.6822456419203239,0.8746298991661295,14.24832876507561,13.058470193277978,41.319979322129385
2023-08-10,40.65999984741211,41.75,39.369998931884766,39.88999938964844,39.74998092651367,130277100,False,1536756800.0,2427564986.5564337,20.578295055839007,19.757262152406547,23.01076454796749,100.0,-57.14285714285714,42.85714285714286,-0.002325609608931245,-0.7015644070200486,0.6992387974111174,10.423149813452545,12.817925740124464,42.14679965972425
2023-08-11,39.029998779296875,39.66999816894531,38.599998474121094,39.09000015258789,38.952789306640625,100580600,False,1436176200.0,2419105277.9166765,20.104869446892305,18.766112664211477,24.85082323199781,100.0,-64.28571428571429,35.71428571428571,-0.21866717537621128,-0.7343247782298629,0.5156576028536516,6.415651181628554,10.362376586718904,39.48397382124494
2023-08-14,38.83000183105469,40.439998626708984,38.599998474121094,40.38999938964844,40.248226165771484,71276800,False,1507453000.0,2486508398.2160473,19.104918013769993,20.417518308843036,23.07284640054094,100.0,-71.42857142857143,28.57142857142857,-0.2819699766491439,-0.6381020636022364,0.3561320869530925,13.42314801559481,10.08731633689197,45.508777738807275
2023-08-15,40.06999969482422,40.34000015258789,38.880001068115234,39.150001525878906,39.01258087158203,81276800,False,1426176200.0,2435292950.225035,18.176391737255447,19.20327976357114,21.70069435811859,92.85714285714286,-71.42857142857143,21.42857142857143,-0.42727006391127276,-0.6267217206914922,0.19945165678021948,13.267723407466873,11.035507534896746,41.286532563167654
2023-08-16,38.91999816894531,39.41999816894531,37.81999969482422,37.849998474121094,37.717140197753906,95111000,False,1331065200.0,2343748470.998466,17.978349497343725,17.98291689248939,24.531799307668436,100.0,-85.71428571428571,14.28571428571429,-0.6399439362493311,-0.6715164744236405,0.031572538174309356,11.097219357749296,12.596030260270327,37.37181376905568
2023-08-17,38.25,38.36000061035156,36.43000030517578,36.56999969482422,36.44163513183594,105116400,False,1225948800.0,2253882049.7705684,18.535815104808137,16.61157168171792,28.15321694253394,100.0,-92.85714285714286,7.14285714285714,-0.9013841213441509,-0.7463653276147681,-0.1550187937293827,3.208150982917239,9.191031249377803,33.957683530031694
2023-08-18,35.529998779296875,36.810001373291016,35.369998931884766,36.400001525878906,36.27223205566406,123264900,False,1102683900.0,2306954582.3994203,19.538714326844083,15.652479533377795,30.77778985967064,100.0,-100.0,0.0,-1.1095050989685618,-0.7635890441913432,-0.34591605477721854,4.111700043975042,6.139023461547192,33.5197023661266
2023-08-21,36.869998931884766,38.380001068115234,36.709999084472656,38.15999984741211,38.02605438232422,95743600,False,1198427500.0,2377472213.7109666,19.263495407979633,20.66483598249781,28.353714495660903,92.85714285714286,-92.85714285714286,0.0,-1.1195201857147339,-0.6188833047500123,-0.5006368809647216,15.14942947482878,7.489760167240354,41.87787865584999
2023-08-22,38.970001220703125,38.97999954223633,37.77000045776367,37.9900016784668,37.856651306152344,90393000,False,1108034500.0,2319949602.785161,18.596241113009572,22.090090055308767,26.95645796248162,85.71428571428572,-85.71428571428572,0.0,-1.1281698063495185,-0.5020263403078375,-0.6261434660416809,25.84315206709769,15.03476052863384,41.33727732109731
2023-08-23,38.349998474121094,40.119998931884766,38.279998779296875,39.779998779296875,39.64036560058594,87727000,False,1195761500.0,2375255743.097593,17.285599520676286,24.775537726629388,24.653318394151686,78.57142857142857,-71.42857142857143,7.14285714285714,-0.9792981471641227,-0.2825237448979534,-0.6967744022661693,41.207216062521745,27.39993253481607,48.82790790766266
2023-08-24,40.880001068115234,40.90999984741211,37.099998474121094,37.15999984741211,37.029563903808594,116198600,False,1079562900.0,2262717023.9697466,16.70264993742208,21.274148513081386,25.546178994867557,71.42857142857143,-71.42857142857143,0.0,-1.0605034782984006,-0.2909832608257851,-0.7695202174726156,38.778719958135575,35.27636269591834,40.64673925764847
2023-08-25,37.43000030517578,38.560001373291016,36.349998474121094,38.040000915527344,37.90647506713867,139144700,False,1218707600.0,2336381893.402497,16.55171859983173,19.54838757061908,26.226811314595384,64.28571428571428,-64.28571428571428,0.0,-1.0418408636018484,-0.21785651690338614,-0.8239843466984622,41.531977217470754,40.505971079376025,44.03833899845428
2023-08-28,38.95000076293945,39.16999816894531,38.08000183105469,38.88999938964844,38.75349044799805,91320500,False,1310028100.0,2380785486.187445,16.00198695205425,21.020712939961044,25.105400275354235,57.14285714285714,-42.85714285714285,14.28571428571429,-0.9475401804925809,-0.09884466703529493,-0.848695513457286,41.07662609045037,40.46244108868556,47.17807999397702
2023-08-29,38.79999923706055,41.52000045776367,38.689998626708984,41.369998931884766,41.22478485107422,93747800,False,1403775900.0,2464595262.195037,15.56318357097444,27.43328114943115,22.509547209516533,50.0,-42.85714285714286,7.14285714285714,-0.665024978898181,0.14693642764728398,-0.811961406545465,63.68861233334869,48.76573854708994,55.0943771758456
2023-08-30,41.43000030517578,42.279998779296875,41.08000183105469,42.060001373291016,41.9123649597168,92979100,False,1496755000.0,2523482340.8066106,15.519463375185564,29.05192032546083,21.494651374466763,42.85714285714286,57.14285714285714,100.0,-0.3810595979482443,0.3447214468777766,-0.7257810448260209,82.01084299907954,62.2586938076262,57.02419212308115
2023-08-31,42.040000915527344,42.97999954223633,42.02000045776367,42.439998626708984,42.29103088378906,81121400,False,1577876400.0,2513341924.0457683,15.801216382226848,30.69211955895611,20.69092186764897,35.71428571428571,64.28571428571429,100.0,-0.12392386789488086,0.48148574154491197,-0.6054096094397928,94.58805979727818,80.09583837656879,58.09231957892525
2023-09-01,43.209999084472656,43.36000061035156,41.75,42.290000915527344,42.14155960083008,82413500,False,1495462900.0,2486212086.878784,16.23592654405791,30.243623887232076,19.381987921979505,28.57142857142857,71.42857142857143,100.0,0.06698235809705011,0.5379135740294744,-0.47093121593242426,92.1095249823524,89.56947592623669,57.48496520989225
2023-09-05,41.970001220703125,42.81999969482422,41.65999984741211,42.400001525878906,42.25117111206055,61889300,False,1557352200.0,2503285186.712384,16.573281360917434,28.82855575511418,18.83814315782312,21.42857142857143,71.42857142857143,92.85714285714286,0.22456440882421447,0.556396499805311,-0.33183209098109656,89.16577476432258,91.95445318131772,57.83313405858488
2023-09-06,42.13999938964844,42.2400016784668,40.58000183105469,41.279998779296875,41.135101318359375,74029100,False,1483323100.0,2491690000.9828005,16.112398503377342,26.71642891384508,21.80555654848472,14.28571428571429,71.42857142857143,85.71428571428572,0.25612204247200765,0.4703633067624834,-0.21424126429047574,82.85356801435104,88.04295592034201,53.067862609369875
2023-09-07,39.7400016784668,40.599998474121094,39.380001068115234,40.380001068115234,40.23826217651367,84311500,False,1399011600.0,2545594368.6312847,15.000253859406786,24.683291951252656,24.952504213464874,7.14285714285714,71.42857142857143,78.57142857142857,0.2061332252930015,0.3362995916667818,-0.13016636637378032,74.88527662437718,82.30153980101693,49.535733911227624
2023-09-08,40.310001373291016,41.2400016784668,40.16999816894531,40.5,40.35784149169922,74770800,False,1473782400.0,2516943979.8072414,14.268440395592224,26.233130518541234,23.85166537277008,0.0,71.42857142857143,71.42857142857143,0.17419166537099784,0.24348642539582252,-0.06929476002482468,65.29065987239677,74.343168170375,50.01345967275462
2023-09-11,41.4900016784668,42.09000015258789,40.84000015258789,41.880001068115234,41.73299789428711,70856400,False,1544638800.0,2563992733.200796,14.065641558625428,28.028529457518722,22.27877802045866,28.57142857142857,35.71428571428571,64.28571428571428,0.25726669177325334,0.26124916143846244,-0.003982469665209078,66.93061818562065,69.03551822746486,55.258966290225786
2023-09-12,41.34000015258789,41.810001373291016,40.400001525878906,40.540000915527344,40.397701263427734,77762100,False,1466876700.0,2501672686.6985493,13.578091390252863,26.2906136477924,22.740770916388755,21.42857142857143,35.71428571428571,57.14285714285714,0.21252754995293088,0.17320801569451197,0.039319534258418914,65.95341100584267,66.05822968795336,49.79474837739862
2023-09-13,40.58000183105469,41.4900016784668,40.189998626708984,40.939998626708984,40.796295166015625,85424700,False,1552301400.0,2514814716.8510194,12.980148771212882,24.83400571084306,22.375838495557563,14.28571428571429,35.71428571428571,50.0,0.20696219870701782,0.13411413155887913,0.0728480671481387,68.04565300595515,66.97656073247282,51.34150252846879
2023-09-14,41.5,42.2400016784668,40.79999923706055,41.900001525878906,41.752925872802734,76189900,False,1628491300.0,2555026097.8141227,12.885061430721029,26.523300330418312,20.988666430463166,7.14285714285714,35.71428571428572,42.85714285714286,0.2768247650583149,0.16318135832814096,0.11364340673017394,68.14075738859293,67.37994046679692,54.93035802471452
2023-09-15,41.45000076293945,41.59000015258789,39.43000030517578,39.75,39.6104736328125,89663700,False,1538827600.0,2491929396.5768185,12.073056119583283,23.798024042821996,24.53117209504107,0.0,35.71428571428571,35.71428571428571,0.1568956025562187,0.034601756660835814,0.12229384589538289,58.75975380967876,64.98205473474228,46.63459408199508
2023-09-18,39.43000030517578,40.220001220703125,39.33000183105469,39.84000015258789,39.700157165527344,62399100,False,1601226700.0,2501043685.5416203,11.383658330012278,22.885547910758888,24.021393736673268,0.0,28.57142857142857,28.57142857142857,0.06832552328030772,-0.04317465809206014,0.11150018137236786,45.1422267852665,57.34757932784606,46.995460263889974
2023-09-19,39.40999984741211,39.83000183105469,38.599998474121094,39.599998474121094,39.46099853515625,74370700,False,1526856000.0,2547600622.983857,11.212869594654526,21.640556685895067,25.9172474793733,100.0,-78.57142857142857,21.42857142857143,-0.020991060454917942,-0.10599299346182865,0.08500193300691071,25.754148108412114,43.218709567785794,46.10020892811648
2023-09-20,39.77000045776367,39.900001525878906,37.70000076293945,37.75,37.75,98019200,False,1428836800.0,2454036771.636316,11.587792046825323,19.60298700495677,27.32879549024037,100.0,-85.71428571428571,14.28571428571429,-0.238307452365909,-0.2586475082982558,0.020340055932346765,15.505687527869929,28.800687473849518,39.8055215809947
2023-09-21,36.54999923706055,36.779998779296875,35.56999969482422,35.599998474121094,35.599998474121094,107851700,False,1320985100.0,2351532876.253049,12.968184944878958,17.81318861136412,33.75444001500824,100.0,-92.85714285714286,7.14285714285714,-0.5773639215700825,-0.4781631820019434,-0.0992007395681391,7.425622034119882,16.228485890133975,33.99587658175995
2023-09-22,36.130001068115234,36.779998779296875,35.52000045776367,35.630001068115234,35.630001068115234,94090600,False,1415075700.0,2273870906.754319,14.27146493484738,16.855297006372034,32.15270597856192,100.0,-100.0,0.0,-0.8340334392710389,-0.5878661597623198,-0.24616727950871908,0.9251100009540988,7.952139854314637,34.140330904032176
2023-09-25,35.310001373291016,36.13999938964844,35.0099983215332,36.099998474121094,36.099998474121094,81269200,False,1496344900.0,2349386408.8226933,15.705925580382624,16.02312064673601,32.793561020930774,100.0,-100.0,0.0,-0.9881304656029855,-0.593570548875413,-0.3945599167275724,5.656006088503716,4.668912707859232,36.48539342108811
2023-09-26,35.310001373291016,35.47999954223633,34.16999816894531,34.4900016784668,34.4900016784668,105339700,False,1391005200.0,2295510889.5162687,17.389133392705908,14.68917093827569,33.686829897249375,100.0,-57.14285714285714,42.85714285714286,-1.2260338008086649,-0.665179107264874,-0.5608546935437909,6.849423408077395,4.476846499178404,32.24926656735901
2023-09-27,34.810001373291016,35.27000045776367,33.630001068115234,34.70000076293945,34.70000076293945,128435800,False,1519441000.0,2334668160.186818,19.165955054920047,13.649312717033514,33.633017194842495,100.0,-64.28571428571429,35.71428571428571,-1.3817013438659131,-0.6566773202576978,-0.7250240236082154,10.489605984562433,7.665011827047848,33.33648105570735
2023-09-28,34.38999938964844,36.16999816894531,34.130001068115234,35.540000915527344,35.540000915527344,134072900,False,1653513900.0,2385931571.169983,19.98980843154964,16.288368485644884,30.71984343067857,92.85714285714286,-64.28571428571429,28.57142857142857,-1.4209086506830602,-0.5567077016598758,-0.8642009490231843,12.858751708385133,10.065927033674987,37.64677416134553
2023-09-29,36.58000183105469,37.0,35.22999954223633,35.619998931884766,35.619998931884766,143081300,False,1796595200.0,2305902932.456419,20.057403642545793,18.57983544773612,28.419731144975845,85.71428571428572,-64.28571428571429,21.42857142857143,-1.4290523267912505,-0.4518811022144529,-0.9771712245767976,19.24118100537869,14.196512899442084,38.05753740328349
2023-10-02,35.66999816894531,36.900001525878906,35.47999954223633,36.470001220703125,36.470001220703125,118231600,False,1914826800.0,2352529528.143668,20.12017062386726,17.450951232724346,26.692988947786432,78.57142857142857,-64.28571428571428,14.28571428571429,-1.3513407528188068,-0.29933562259360724,-1.0520051302251996,26.093679388230715,19.397870700664846,42.399484956322276
2023-10-03,35.709999084472656,36.38999938964844,34.040000915527344,34.540000915527344,34.540000915527344,133269500,False,1781557300.0,2275970490.4982634,20.916406916758284,15.69369604365055,29.972302169344978,71.42857142857143,-64.28571428571429,7.14285714285714,-1.4290158602012184,-0.3016085839808149,-1.1274072762204035,22.222212376572486,22.519024256727295,36.195476632753916
2023-10-04,34.779998779296875,36.189998626708984,34.63999938964844,35.939998626708984,35.939998626708984,126379600,False,1907936900.0,2361582457.528434,21.65576918550052,14.617363495598488,27.916689248386856,64.28571428571428,-64.28571428571428,0.0,-1.361906615689179,-0.18759947157502044,-1.1743071441141586,24.19135901683587,24.16908359387969,42.740537490648464
2023-10-05,35.88999938964844,36.0,34.5,35.560001373291016,35.560001373291016,109003100,False,1798933800.0,2406637271.7857375,22.413604199033113,13.69763542803273,26.74741741262685,57.14285714285714,-57.14285714285714,0.0,-1.324121015666762,-0.11985109724208254,-1.2042699184246795,22.958659490264523,23.124076961224294,41.49628295645531
2023-10-06,34.650001525878906,37.689998626708984,34.40999984741211,37.349998474121094,37.349998474121094,147151000,False,1946084800.0,2523281332.1068234,21.61717493339281,18.579103884769502,23.295713628781318,50.0,-50.0,0.0,-1.1366354233816551,0.0541075960344195,-1.1907430194160746,39.212324379577005,28.78744762889247,49.02442702922922
